trial_id,def_sex,offence,trial_place,trial_judge,verdict,trial_year,sentence
3878,MALE,CATTLE STEALING,ROMA,PAUL,NOT GUILTY,1887,DISCHARGED
3967,MALE,CATTLE STEALING,ROMA,PAUL,NOT GUILTY,1887,DISCHARGED
3968,MALE,LARCENY,TOWNSVILLE,NOEL,GUILTY,1887,12-18 MONTHS HL
5354,MALE,LARCENY,TOWNSVILLE,NOEL,GUILTY,1887,12-18 MONTHS HL
5357,MALE,EMBEZZLEMENT,TOWNSVILLE,NOEL,NOT GUILTY,1887,DISCHARGED
5370,MALE,LARCENY,BRISBANE,PAUL,GUILTY,1887,1-11 MONTHS
5974,MALE,FORGERY OR UTTERING,TOWNSVILLE,NOEL,NOT GUILTY,1887,DISCHARGED
5975,MALE,LARCENY,CHARTERS TOWERS,NOEL,NOT GUILTY,1887,DISCHARGED
5976,MALE,LARCENY,BRISBANE,PAUL,GUILTY,1887,3 YEARS HL
6390,MALE,LARCENY,BRISBANE,PAUL,GUILTY,1887,5 YEARS HL
6396,MALE,LARCENY,BRISBANE,PAUL,GUILTY,1887,2 YEARS HL
6459,MALE,LARCENY,BRISBANE,PAUL,GUILTY,1887,12-18 MONTHS HL
8067,MALE,FORGERY OR UTTERING,ROMA,PAUL,GUILTY,1887,2 YEARS HL
8070,MALE,LARCENY,BRISBANE,PAUL,GUILTY,1887,3 YEARS HL
8073,MALE,LARCENY,BRISBANE,PAUL,GUILTY,1887,1-11 MONTHS
8403,MALE,LARCENY,ROMA,PAUL,GUILTY,1887,1-11 MONTHS HL
8415,MALE,LARCENY,ROCKHAMPTON,MILLER,GUILTY,1887,12-18 MONTHS HL
8420,MALE,FALSE PRETENCES,IPSWICH,PAUL,NOT GUILTY,1887,DISCHARGED
9119,MALE,LARCENY,BRISBANE,PAUL,GUILTY,1887,12-18 MONTHS HL
9120,MALE,LARCENY,BRISBANE,PAUL,GUILTY,1887,12-18 MONTHS HL
9369,MALE,LARCENY,ROCKHAMPTON,MILLER,GUILTY,1888,12-18 MONTHS HL
9526,MALE,LARCENY,BRISBANE,PAUL,GUILTY,1888,3 YEARS HL
9529,MALE,HORSE STEALING,BRISBANE,PAUL,GUILTY,1888,2 YEARS HL
9531,MALE,LARCENY,TOWNSVILLE,NOEL,GUILTY,1888,5 YEARS HL
9532,MALE,EMBEZZLEMENT,TOWNSVILLE,NOEL,GUILTY,1888,2 YEARS HL
10091,MALE,LARCENY,BRISBANE,PAUL,GUILTY,1895,12-18 MONTHS HL
10095,MALE,LARCENY,BRISBANE,PAUL,GUILTY,1895,12-18 MONTHS HL
10378,MALE,LARCENY,BRISBANE,PAUL,GUILTY,1887,12-18 MONTHS HL
10379,MALE,LARCENY,BRISBANE,PAUL,GUILTY,1887,4 YEARS HL
10380,MALE,LARCENY,BRISBANE,PAUL,GUILTY,1887,2 YEARS HL
12789,MALE,FALSE PRETENCES,BRISBANE,PAUL,GUILTY,1888,12-18 MONTHS HL
12815,MALE,FALSE PRETENCES,ROMA,PAUL,GUILTY,1888,12-18 MONTHS HL
12823,FEMALE,LARCENY,BRISBANE,PAUL,NOT GUILTY,1888,DISCHARGED
12830,MALE,LARCENY,BRISBANE,PAUL,GUILTY,1888,12-18 MONTHS HL
13632,MALE,CATTLE STEALING,IPSWICH,PAUL,NOLLE,1888,DISCHARGED
13652,MALE,CATTLE STEALING,IPSWICH,PAUL,NOT GUILTY,1888,DISCHARGED
14061,MALE,FALSE PRETENCES,ROMA,PAUL,GUILTY,1888,1-11 MONTHS HL
14067,MALE,LARCENY,TOWNSVILLE,NOEL,GUILTY,1888,3 YEARS HL
14181,MALE,HORSE STEALING,TOOWOOMBA,PAUL,NOT GUILTY,1888,DISCHARGED
14183,MALE,LARCENY,IPSWICH,PAUL,GUILTY,1888,12-18 MONTHS HL
14520,MALE,LARCENY,TOWNSVILLE,NOEL,GUILTY,1888,12-18 MONTHS HL
14564,MALE,FORGERY OR UTTERING,ROCKHAMPTON,MILLER,GUILTY,1888,2 YEARS HL
14571,MALE,LARCENY,ROMA,PAUL,GUILTY,1888,1-11 MONTHS HL
14743,MALE,LARCENY,TOWNSVILLE,NOEL,GUILTY,1888,3 YEARS HL
14744,MALE,LARCENY,BRISBANE,NOEL,GUILTY,1888,12-18 MONTHS HL
14745,MALE,LARCENY,BRISBANE,NOEL,NOT GUILTY,1888,DISCHARGED
14753,MALE,HORSE STEALING,BRISBANE,PAUL,GUILTY,1888,SUSPENDED
15242,MALE,LARCENY,ROCKHAMPTON,NOEL,GUILTY,1888,12-18 MONTHS HL
15243,MALE,LARCENY,ROCKHAMPTON,NOEL,GUILTY,1888,12-18 MONTHS HL
15280,MALE,LARCENY,TOWNSVILLE,NOEL,GUILTY,1888,2 YEARS HL
15642,MALE,LARCENY,BRISBANE,PAUL,GUILTY,1888,12-18 MONTHS HL
15665,MALE,HORSE STEALING,IPSWICH,PAUL,NOT GUILTY,1888,DISCHARGED
15906,MALE,LARCENY,BRISBANE,PAUL,GUILTY,1888,2 YEARS HL
15907,MALE,LARCENY,TOWNSVILLE,NOEL,GUILTY,1888,2 YEARS HL
15927,MALE,LARCENY,BRISBANE,PAUL,GUILTY,1888,1-11 MONTHS HL
15928,MALE,LARCENY,BRISBANE,PAUL,GUILTY,1888,2 YEARS HL
15930,MALE,LARCENY & RECEIVING,BRISBANE,PAUL,NOT GUILTY,1888,DISCHARGED
15931,MALE,LARCENY & RECEIVING,BRISBANE,PAUL,NOT GUILTY,1888,DISCHARGED
15965,MALE,LARCENY,BRISBANE,PAUL,NOT GUILTY,1888,DISCHARGED
15968,MALE,LARCENY,BRISBANE,PAUL,NOT GUILTY,1888,DISCHARGED
15969,MALE,FALSE PRETENCES,IPSWICH,PAUL,GUILTY,1888,12-18 MONTHS HL
15970,MALE,EMBEZZLEMENT,BRISBANE,PAUL,GUILTY,1888,DISCHARGED
15971,MALE,HORSE STEALING,IPSWICH,PAUL,GUILTY,1888,12-18 MONTHS HL
15996,MALE,FORGERY OR UTTERING,ROCKHAMPTON,MILLER,GUILTY,1888,1-11 MONTHS HL
15997,MALE,FORGERY OR UTTERING,ROCKHAMPTON,MILLER,GUILTY,1888,1-11 MONTHS HL
16017,MALE,LARCENY,CHARTERS TOWERS,NOEL,NOT GUILTY,1888,DISCHARGED
16018,MALE,LARCENY,CHARTERS TOWERS,NOEL,GUILTY,1888,12-18 MONTHS HL
16019,MALE,CATTLE STEALING,IPSWICH,PAUL,GUILTY,1888,SUSPENDED
16020,MALE,CATTLE STEALING,IPSWICH,PAUL,NOT GUILTY,1888,DISCHARGED
16055,MALE,LARCENY,ROCKHAMPTON,MILLER,GUILTY,1888,12-18 MONTHS HL
16070,MALE,LARCENY,CHARTERS TOWERS,NOEL,GUILTY,1888,2 YEARS HL
16072,MALE,LARCENY,CHARTERS TOWERS,NOEL,GUILTY,1888,12-18 MONTHS HL
16880,MALE,LARCENY,ROCKHAMPTON,MILLER,GUILTY,1889,12-18 MONTHS HL
16881,MALE,LARCENY,BRISBANE,PAUL,NOT GUILTY,1888,DISCHARGED
16882,MALE,LARCENY,BRISBANE,PAUL,NOT GUILTY,1888,DISCHARGED
16885,MALE,LARCENY,BUNDABERG,MILLER,GUILTY,1889,12-18 MONTHS HL
16917,MALE,LARCENY,BUNDABERG,MILLER,NOT GUILTY,1889,DISCHARGED
16919,MALE,LARCENY,BUNDABERG,MILLER,NOT GUILTY,1889,DISCHARGED
16920,MALE,LARCENY,BRISBANE,PAUL,NOT GUILTY,1888,DISCHARGED
17079,MALE,LARCENY,BRISBANE,PAUL,NOT GUILTY,1888,DISCHARGED
17080,FEMALE,LARCENY,BRISBANE,PAUL,GUILTY,1888,12-18 MONTHS HL
17089,MALE,LARCENY,ROCKHAMPTON,MILLER,GUILTY,1889,SUSPENDED
17475,MALE,LARCENY,BUNDABERG,MILLER,NOT GUILTY,1889,DISCHARGED
17574,MALE,LARCENY,BRISBANE,NOEL,GUILTY,1889,3 YEARS HL
17890,MALE,LARCENY,ROCKHAMPTON,MILLER,GUILTY,1889,1-11 MONTHS HL
17891,MALE,LARCENY,ROCKHAMPTON,MILLER,GUILTY,1889,12-18 MONTHS HL
18003,MALE,LARCENY,BRISBANE,NOEL,GUILTY,1889,2 YEARS HL
18006,MALE,LARCENY,BRISBANE,NOEL,GUILTY,1889,12-18 MONTHS HL
18010,MALE,LARCENY,TOWNSVILLE,NOEL,GUILTY,1889,12-18 MONTHS HL
18052,MALE,LARCENY,CHARTERS TOWERS,NOEL,GUILTY,1889,1-11 MONTHS HL
18056,MALE,FORGERY OR UTTERING,CHARTERS TOWERS,NOEL,GUILTY,1889,12-18 MONTHS HL
19594,MALE,HORSE STEALING,ROMA,PAUL,GUILTY,1891,12-18 MONTHS HL
20737,MALE,FORGERY OR UTTERING,BRISBANE,PAUL,GUILTY,1891,12-18 MONTHS HL
20751,MALE,EMBEZZLEMENT,CHARTERS TOWERS,NOEL,NOT GUILTY,1890,DISCHARGED
20769,MALE,LARCENY,ROCKHAMPTON,MILLER,GUILTY,1891,12-18 MONTHS HL
20773,MALE,LARCENY,BRISBANE,PAUL,PLEA GUILTY,1891,SUSPENDED
20774,MALE,LARCENY,BRISBANE,PAUL,NOLLE,1891,DISCHARGED
20787,MALE,LARCENY,BRISBANE,PAUL,GUILTY,1891,SUSPENDED
20788,MALE,LARCENY,BRISBANE,PAUL,GUILTY,1891,SUSPENDED
20789,MALE,LARCENY,BRISBANE,PAUL,PLEA GUILTY,1891,3 YEARS HL
20790,MALE,FALSE PRETENCES,BRISBANE,PAUL,NOT GUILTY,1891,DISCHARGED
20792,MALE,FALSE PRETENCES,MARYBOROUGH,MILLER,GUILTY,1891,12-18 MONTHS HL
20797,MALE,LARCENY,BRISBANE,PAUL,GUILTY,1891,12-18 MONTHS HL
20800,MALE,HORSE STEALING,BRISBANE,PAUL,GUILTY,1891,SUSPENDED
20802,MALE,LARCENY,BRISBANE,PAUL,GUILTY,1891,SUSPENDED
20803,MALE,LARCENY,BRISBANE,PAUL,PLEA GUILTY,1891,1-11 MONTHS HL
21342,MALE,LARCENY,ROCKHAMPTON,MILLER,NOT GUILTY,1891,DISCHARGED
21343,MALE,HORSE STEALING,ROCKHAMPTON,MILLER,NOT GUILTY,1891,DISCHARGED
21350,MALE,LARCENY,BRISBANE,PAUL,NOLLE,1891,DISCHARGED
21405,MALE,HORSE STEALING,ROMA,PAUL,GUILTY,1891,12-18 MONTHS HL
21432,MALE,LARCENY,MARYBOROUGH,MILLER,NOT GUILTY,1891,DISCHARGED
21438,MALE,FORGERY OR UTTERING,MARYBOROUGH,MILLER,GUILTY,1891,3 YEARS
21439,MALE,FALSE PRETENCES,MARYBOROUGH,MILLER,NOT GUILTY,1891,DISCHARGED
21914,MALE,LARCENY,TOOWOOMBA,PAUL,NOT GUILTY,1891,DISCHARGED
21922,MALE,LARCENY & RECEIVING,IPSWICH,PAUL,PLEA GUILTY,1891,SUSPENDED
21924,MALE,LARCENY,IPSWICH,PAUL,PLEA GUILTY,1891,SUSPENDED
21925,MALE,HORSE STEALING,BRISBANE,PAUL,NOT GUILTY,1891,DISCHARGED
21974,MALE,LARCENY,ROMA,PAUL,GUILTY,1891,SUSPENDED
21975,MALE,FALSE PRETENCES,ROMA,PAUL,GUILTY,1891,SUSPENDED
21984,MALE,HORSE STEALING,TOWNSVILLE,NOEL,GUILTY,1891,SUSPENDED
22014,MALE,FORGERY OR UTTERING,BUNDABERG,MILLER,GUILTY,1891,SUSPENDED
22019,MALE,LARCENY,ROMA,PAUL,PLEA GUILTY,1891,SUSPENDED
22044,MALE,LARCENY,TOOWOOMBA,LUTWYCHE,NOT GUILTY,1862,DISCHARGED
22177,MALE,LARCENY,BRISBANE,PAUL,NOT GUILTY,1891,DISCHARGED
22178,MALE,LARCENY,BRISBANE,PAUL,NOT GUILTY,1891,DISCHARGED
22179,MALE,LARCENY,BRISBANE,PAUL,NOT GUILTY,1891,DISCHARGED
22227,MALE,LARCENY,BRISBANE,PAUL,NOT GUILTY,1891,DISCHARGED
22368,MALE,LARCENY,BUNDABERG,MILLER,GUILTY,1891,12-18 MONTHS HL
22410,MALE,LARCENY,ROMA,PAUL,GUILTY,1891,2 YEARS HL
22431,MALE,EMBEZZLEMENT,MARYBOROUGH,MILLER,GUILTY,1891,12-18 MONTHS HL
22470,MALE,HORSE STEALING,TOOWOOMBA,PAUL,PLEA GUILTY,1891,SUSPENDED
22483,MALE,LARCENY,BRISBANE,LUTWYCHE,GUILTY,1861,12-18 MONTHS HL
22494,MALE,FORGERY OR UTTERING,BRISBANE,PAUL,NOT GUILTY,1891,DISCHARGED
22500,MALE,FALSE PRETENCES,IPSWICH,PAUL,NOT GUILTY,1891,DISCHARGED
22568,MALE,CATTLE STEALING,TOOWOOMBA,PAUL,NOT GUILTY,1891,DISCHARGED
22575,MALE,LARCENY,TOWNSVILLE,NOEL,GUILTY,1891,SUSPENDED
22589,MALE,FALSE PRETENCES,ROMA,PAUL,GUILTY,1891,SUSPENDED
22593,MALE,FALSE PRETENCES,BRISBANE,PAUL,PLEA GUILTY,1891,1-11 MONTHS HL
22602,MALE,LARCENY,MARYBOROUGH,LUTWYCHE,NOT GUILTY,1862,DISCHARGED
22604,MALE,HORSE STEALING,TOWNSVILLE,NOEL,NOT GUILTY,1891,DISCHARGED
22606,MALE,LARCENY,TOOWOOMBA,LUTWYCHE,NOT GUILTY,1862,DISCHARGED
22616,MALE,LARCENY,TOOWOOMBA,LUTWYCHE,GUILTY,1862,1-11 MONTHS HL
22620,MALE,LARCENY,ROMA,PAUL,PLEA GUILTY,1891,SUSPENDED
22621,MALE,LARCENY,ROMA,PAUL,PLEA GUILTY,1891,2 YEARS HL
22623,MALE,LARCENY,ROCKHAMPTON,MILLER,GUILTY,1891,3 YEARS HL
22626,MALE,LARCENY,TOOWOOMBA,LUTWYCHE,GUILTY,1862,1-11 MONTHS HL
22629,FEMALE,HORSE STEALING,TOOWOOMBA,LUTWYCHE,NOT GUILTY,1862,DISCHARGED
22630,MALE,EMBEZZLEMENT,BRISBANE,PAUL,NOT GUILTY,1891,DISCHARGED
22631,MALE,LARCENY,ROCKHAMPTON,MILLER,GUILTY,1891,SUSPENDED
22660,MALE,CATTLE STEALING,IPSWICH,PAUL,GUILTY,1891,12-18 MONTHS HL
22663,MALE,EMBEZZLEMENT,BRISBANE,PAUL,GUILTY RECOMMENDED TO MERCY,1891,SUSPENDED
22664,MALE,FORGERY OR UTTERING,BRISBANE,PAUL,PLEA GUILTY,1891,SUSPENDED
22686,MALE,HORSE STEALING,TOOWOOMBA,LUTWYCHE,GUILTY,1862,1-11 MONTHS HL
22687,FEMALE,LARCENY,MARYBOROUGH,LUTWYCHE,GUILTY,1862,1-11 MONTHS HL
22688,FEMALE,LARCENY,MARYBOROUGH,LUTWYCHE,NOT GUILTY,1862,DISCHARGED
22696,MALE,HORSE STEALING,TOOWOOMBA,LUTWYCHE,NOLLE,1862,DISCHARGED
22701,MALE,LARCENY,MARYBOROUGH,LUTWYCHE,NOT GUILTY,1862,DISCHARGED
22711,MALE,FORGERY OR UTTERING,MARYBOROUGH,LUTWYCHE,NOT GUILTY,1862,DISCHARGED
22712,MALE,LARCENY,TOOWOOMBA,LUTWYCHE,GUILTY,1863,12-18 MONTHS HL
22714,MALE,LARCENY,TOOWOOMBA,LUTWYCHE,GUILTY,1863,1-11 MONTHS HL
22717,MALE,FORGERY OR UTTERING,TOOWOOMBA,LUTWYCHE,NOT GUILTY,1863,DISCHARGED
22721,MALE,HORSE STEALING,TOOWOOMBA,LUTWYCHE,GUILTY,1863,12-18 MONTHS HL
22734,MALE,EMBEZZLEMENT,BRISBANE,PAUL,PLEA GUILTY,1891,1-11 MONTHS
22743,MALE,LARCENY,CHARTERS TOWERS,NOEL,NOT GUILTY,1891,DISCHARGED
22746,MALE,FALSE PRETENCES,ROCKHAMPTON,MILLER,GUILTY,1891,3 YEARS HL
24167,FEMALE,LARCENY,TOOWOOMBA,LUTWYCHE,NOT GUILTY,1863,DISCHARGED
24242,MALE,LARCENY,BRISBANE,LUTWYCHE,NOT GUILTY,1863,DISCHARGED
24301,MALE,LARCENY,MARYBOROUGH,LUTWYCHE,NOT GUILTY,1863,DISCHARGED
24370,MALE,LARCENY,TOOWOOMBA,COCKLE,GUILTY,1863,1-11 MONTHS HL
24381,MALE,LARCENY,BRISBANE,COCKLE,GUILTY,1863,12-18 MONTHS HL
25190,MALE,HORSE STEALING,ROCKHAMPTON,LUTWYCHE,NOT GUILTY,1866,DISCHARGED
25514,MALE,HORSE STEALING,BRISBANE,LUTWYCHE,GUILTY,1866,3 YEARS
26026,MALE,HORSE STEALING,ROCKHAMPTON,COCKLE,NOLLE,1867,DISCHARGED
26028,FEMALE,LARCENY,ROCKHAMPTON,COCKLE,NOT GUILTY,1866,DISCHARGED
26034,MALE,HORSE STEALING,IPSWICH,LUTWYCHE,NOT GUILTY,1866,DISCHARGED
26035,MALE,HORSE STEALING,IPSWICH,LUTWYCHE,GUILTY,1866,3 YEARS HL
26055,MALE,HORSE STEALING,MARYBOROUGH,LUTWYCHE,GUILTY,1867,12-18 MONTHS HL
26059,FEMALE,LARCENY,IPSWICH,LUTWYCHE,GUILTY,1867,12-18 MONTHS HL
26062,MALE,FORGERY OR UTTERING,ROCKHAMPTON,LUTWYCHE,GUILTY,1868,12-18 MONTHS HL
26067,MALE,LARCENY,ROCKHAMPTON,MILLER,GUILTY,1898,12-18 MONTHS HL
26069,MALE,LARCENY,BUNDABERG,MILLER,GUILTY,1898,1-11 MONTHS HL
26242,MALE,LARCENY,BRISBANE,COCKLE,NOT GUILTY,1866,DISCHARGED
26248,MALE,LARCENY,TOOWOOMBA,LUTWYCHE,GUILTY,1866,2 YEARS HL
26250,MALE,LARCENY & RECEIVING,TOOWOOMBA,LUTWYCHE,NOT GUILTY,1867,DISCHARGED
26252,MALE,HORSE STEALING,TOOWOOMBA,LUTWYCHE,GUILTY,1866,12-18 MONTHS HL
26460,MALE,LARCENY,MARYBOROUGH,LUTWYCHE,GUILTY,1868,1-11 MONTHS HL
26462,MALE,LARCENY,MARYBOROUGH,LUTWYCHE,GUILTY,1868,1-11 MONTHS HL
26499,MALE,LARCENY,MARYBOROUGH,COCKLE,NOT GUILTY,1868,DISCHARGED
26561,FEMALE,LARCENY,TOOWOOMBA,LUTWYCHE,GUILTY,1866,1-11 MONTHS HL
26674,MALE,LARCENY,BRISBANE,PAUL,GUILTY,1898,12-18 MONTHS HL
26676,MALE,LARCENY,ROCKHAMPTON,MILLER,GUILTY,1898,1-11 MONTHS HL
26688,MALE,LARCENY,TOOWOOMBA,LUTWYCHE,GUILTY,1868,12-18 MONTHS HL
26862,MALE,LARCENY,TOOWOOMBA,LUTWYCHE,NOT GUILTY,1867,DISCHARGED
26864,MALE,HORSE STEALING,TOOWOOMBA,LUTWYCHE,GUILTY,1867,2 YEARS HL
26865,MALE,LARCENY,IPSWICH,LUTWYCHE,GUILTY,1866,12-18 MONTHS HL
26893,MALE,LARCENY,MARYBOROUGH,LUTWYCHE,NOT GUILTY,1867,DISCHARGED
27083,MALE,EMBEZZLEMENT,MARYBOROUGH,COCKLE,NOLLE,1868,DISCHARGED
27085,MALE,EMBEZZLEMENT,MARYBOROUGH,LUTWYCHE,NOLLE,1868,DISCHARGED
27262,MALE,FALSE PRETENCES,BRISBANE,LUTWYCHE,GUILTY,1869,3 YEARS HL
27271,FEMALE,FALSE PRETENCES,BRISBANE,LUTWYCHE,NOT GUILTY,1869,DISCHARGED
27383,MALE,LARCENY,TOOWOOMBA,COCKLE,NOT GUILTY,1869,DISCHARGED
27514,MALE,LARCENY,BRISBANE,LUTWYCHE,GUILTY,1871,12-18 MONTHS HL
27863,MALE,CATTLE STEALING,IPSWICH,LUTWYCHE,NOT GUILTY,1871,DISCHARGED
27864,MALE,CATTLE STEALING,IPSWICH,LUTWYCHE,NOT GUILTY,1871,DISCHARGED
27867,MALE,EMBEZZLEMENT,BRISBANE,COCKLE,GUILTY,1871,12-18 MONTHS HL
27895,MALE,LARCENY,BRISBANE,PAUL,NOT GUILTY,1896,DISCHARGED
27896,MALE,EMBEZZLEMENT,BRISBANE,LUTWYCHE,NOT GUILTY,1870,DISCHARGED
27897,MALE,LARCENY,BRISBANE,LUTWYCHE,NOT GUILTY,1870,DISCHARGED
27920,MALE,FALSE PRETENCES,BRISBANE,PAUL,GUILTY,1896,3 YEARS HL
27921,FEMALE,LARCENY,BRISBANE,PAUL,NOT GUILTY,1896,DISCHARGED
28043,MALE,HORSE STEALING,BUNDABERG,MILLER,GUILTY,1896,12-18 MONTHS HL
28044,MALE,HORSE STEALING,BUNDABERG,MILLER,GUILTY,1896,12-18 MONTHS HL
28045,MALE,EMBEZZLEMENT,ROCKHAMPTON,MILLER,GUILTY,1896,2 YEARS HL
28074,MALE,LARCENY,TOWNSVILLE,NOEL,NOT GUILTY,1896,DISCHARGED
28075,MALE,LARCENY,CHARTERS TOWERS,NOEL,NOT GUILTY,1896,DISCHARGED
28077,MALE,LARCENY,TOWNSVILLE,NOEL,NOT GUILTY,1896,DISCHARGED
28080,MALE,LARCENY,ROCKHAMPTON,MILLER,GUILTY,1896,2 YEARS HL
28096,MALE,LARCENY,BRISBANE,LUTWYCHE,GUILTY,1870,1-11 MONTHS HL
28101,MALE,LARCENY,TOOWOOMBA,LUTWYCHE,GUILTY,1871,12-18 MONTHS HL
28205,MALE,CATTLE STEALING,IPSWICH,COCKLE,GUILTY,1871,4 YEARS HL
28215,MALE,LARCENY,IPSWICH,COCKLE,GUILTY,1870,1-11 MONTHS HL
28221,MALE,LARCENY,TOOWOOMBA,LUTWYCHE,GUILTY,1871,12-18 MONTHS HL
28222,MALE,CATTLE STEALING,BRISBANE,COCKLE,NOT GUILTY,1871,DISCHARGED
28248,MALE,HORSE STEALING,BRISBANE,PAUL,NOT GUILTY,1896,DISCHARGED
28250,MALE,LARCENY,ROMA,PAUL,GUILTY,1896,2 YEARS HL
28257,MALE,LARCENY,TOOWOOMBA,PAUL,GUILTY,1896,12-18 MONTHS HL
28288,MALE,LARCENY,ROCKHAMPTON,MILLER,NOT GUILTY,1896,DISCHARGED
28390,MALE,HORSE STEALING,ROMA,PAUL,NOT GUILTY,1896,DISCHARGED
28399,MALE,LARCENY,MARYBOROUGH,LUTWYCHE,GUILTY,1871,1-11 MONTHS HL
28405,MALE,LARCENY,IPSWICH,PAUL,PLEA GUILTY,1896,SUSPENDED
28414,MALE,EMBEZZLEMENT,ROCKHAMPTON,MILLER,PLEA GUILTY,1896,SUSPENDED
28422,MALE,LARCENY,ROMA,PAUL,NOT GUILTY,1896,DISCHARGED
28455,MALE,LARCENY,ROCKHAMPTON,MILLER,NOT GUILTY,1896,DISCHARGED
28490,MALE,LARCENY,ROCKHAMPTON,MILLER,NOT GUILTY,1896,DISCHARGED
28531,MALE,LARCENY,ROCKHAMPTON,MILLER,GUILTY,1896,12-18 MONTHS HL
28569,MALE,FORGERY OR UTTERING,ROMA,PAUL,GUILTY,1896,12-18 MONTHS HL
28597,FEMALE,LARCENY,IPSWICH,LUTWYCHE,GUILTY,1871,1-11 MONTHS HL
28600,MALE,LARCENY,BRISBANE,PAUL,GUILTY,1896,12-18 MONTHS HL
28613,MALE,HORSE STEALING,TOWNSVILLE,NOEL,NOLLE,1896,DISCHARGED
29179,FEMALE,LARCENY & RECEIVING,BRISBANE,PAUL,GUILTY,1896,SUSPENDED
29466,MALE,LARCENY & RECEIVING,BRISBANE,PAUL,GUILTY RECOMMENDED TO MERCY,1896,SUSPENDED
29938,MALE,LARCENY,ROCKHAMPTON,MILLER,NOT GUILTY,1896,DISCHARGED
29996,MALE,FALSE PRETENCES,ROCKHAMPTON,MILLER,GUILTY,1896,2 YEARS HL
30027,MALE,LARCENY,ROCKHAMPTON,MILLER,GUILTY,1896,SUSPENDED
32392,MALE,LARCENY,BRISBANE,PAUL,GUILTY,1896,12-18 MONTHS HL
32394,MALE,LARCENY,ROMA,PAUL,NOT GUILTY,1896,DISCHARGED
32402,MALE,EMBEZZLEMENT,IPSWICH,PAUL,GUILTY,1896,SUSPENDED
32413,MALE,LARCENY,CHARTERS TOWERS,NOEL,NOT GUILTY,1896,DISCHARGED
32421,MALE,LARCENY,MARYBOROUGH,MILLER,GUILTY,1896,2 YEARS HL
32425,MALE,LARCENY,IPSWICH,PAUL,GUILTY,1896,SUSPENDED
32543,MALE,EMBEZZLEMENT,ROCKHAMPTON,MILLER,NOT GUILTY,1896,DISCHARGED
37002,MALE,FALSE PRETENCES,TOWNSVILLE,NOEL,GUILTY,1896,3 YEARS HL
37003,MALE,LARCENY,TOWNSVILLE,NOEL,GUILTY,1896,2 YEARS HL
37004,MALE,LARCENY,TOWNSVILLE,NOEL,GUILTY,1896,12-18 MONTHS HL
37006,MALE,LARCENY,TOWNSVILLE,NOEL,GUILTY,1896,12-18 MONTHS HL
37047,MALE,EMBEZZLEMENT,ROCKHAMPTON,MILLER,GUILTY,1896,2 YEARS HL
37048,MALE,EMBEZZLEMENT,ROCKHAMPTON,MILLER,GUILTY,1896,2 YEARS HL
37050,MALE,FALSE PRETENCES,ROCKHAMPTON,MILLER,GUILTY,1896,12-18 MONTHS HL
37053,MALE,LARCENY,ROCKHAMPTON,MILLER,NOT GUILTY,1896,DISCHARGED
37204,MALE,EMBEZZLEMENT,ROCKHAMPTON,LUTWYCHE,NOLLE,1871,DISCHARGED
37729,MALE,LARCENY,MARYBOROUGH,COCKLE,NOT GUILTY,1872,DISCHARGED
38245,MALE,LARCENY & RECEIVING,BRISBANE,LUTWYCHE,GUILTY,1873,1-11 MONTHS HL
39291,MALE,HORSE STEALING,ROCKHAMPTON,COCKLE,GUILTY,1875,3 YEARS HL
39450,MALE,LARCENY,BRISBANE,LUTWYCHE,GUILTY,1875,3 YEARS HL
39451,MALE,LARCENY,BRISBANE,LUTWYCHE,GUILTY,1875,1-11 MONTHS HL
39524,MALE,LARCENY,TOOWOOMBA,COCKLE,NOT GUILTY,1876,DISCHARGED
39722,MALE,FALSE PRETENCES,MARYBOROUGH,MILLER,NOT GUILTY,1896,DISCHARGED
39767,MALE,EMBEZZLEMENT,ROCKHAMPTON,LUTWYCHE,GUILTY,1876,2 YEARS HL
39779,MALE,LARCENY,BRISBANE,COCKLE,GUILTY,1876,12-18 MONTHS HL
39783,MALE,LARCENY,BRISBANE,PAUL,GUILTY,1885,5 YEARS HL
39785,MALE,LARCENY,BRISBANE,PAUL,PLEA GUILTY,1885,1-11 MONTHS HL
39842,MALE,LARCENY,ROCKHAMPTON,MILLER,GUILTY,1885,1-11 MONTHS HL
40532,MALE,HORSE STEALING,MARYBOROUGH,LUTWYCHE,GUILTY,1865,3 YEARS HL
40533,MALE,HORSE STEALING,MARYBOROUGH,LUTWYCHE,GUILTY,1865,3 YEARS HL
40602,FEMALE,LARCENY,BRISBANE,PAUL,NOT GUILTY,1885,DISCHARGED
40966,MALE,FORGERY OR UTTERING,BRISBANE,COCKLE,GUILTY,1864,1-11 MONTHS HL
40970,MALE,HORSE STEALING,TOOWOOMBA,LUTWYCHE,GUILTY,1864,2 YEARS HL
40984,MALE,LARCENY & RECEIVING,BRISBANE,COCKLE,GUILTY,1864,12-18 MONTHS HL
40987,MALE,LARCENY & RECEIVING,BRISBANE,COCKLE,GUILTY RECOMMENDED TO MERCY,1864,1-11 MONTHS HL
40989,MALE,LARCENY,ROCKHAMPTON,COCKLE,NOT GUILTY,1864,DISCHARGED
41029,FEMALE,LARCENY & RECEIVING,BRISBANE,COCKLE,NOT GUILTY,1864,DISCHARGED
41069,MALE,HORSE STEALING,ROCKHAMPTON,LUTWYCHE,GUILTY,1876,12-18 MONTHS HL
41269,MALE,HORSE STEALING,ROCKHAMPTON,COCKLE,NOT GUILTY,1864,DISCHARGED
41472,MALE,LARCENY,IPSWICH,PAUL,GUILTY,1887,3 YEARS HL
41673,MALE,LARCENY,TOOWOOMBA,LUTWYCHE,NOT GUILTY,1877,DISCHARGED
41683,MALE,LARCENY,TOOWOOMBA,COCKLE,GUILTY,1877,DISCHARGED
41692,MALE,LARCENY,IPSWICH,LUTWYCHE,NOT GUILTY,1865,DISCHARGED
41700,MALE,LARCENY,TOOWOOMBA,LUTWYCHE,NOT GUILTY,1877,DISCHARGED
41701,MALE,LARCENY,TOOWOOMBA,LUTWYCHE,GUILTY,1877,3 YEARS HL
41931,MALE,LARCENY,ROCKHAMPTON,COCKLE,GUILTY,1865,12-18 MONTHS HL
41943,MALE,LARCENY,BRISBANE,LUTWYCHE,GUILTY,1865,1-11 MONTHS HL
43205,MALE,HORSE STEALING,ROCKHAMPTON,COCKLE,GUILTY,1864,12-18 MONTHS HL
43374,MALE,LARCENY & RECEIVING,BRISBANE,COCKLE,GUILTY,1865,12-18 MONTHS HL
43460,MALE,FORGERY OR UTTERING,BRISBANE,COCKLE,GUILTY,1864,12-18 MONTHS HL
43947,MALE,LARCENY & RECEIVING,BRISBANE,COCKLE,NOT GUILTY,1865,DISCHARGED
43949,MALE,FALSE PRETENCES,BRISBANE,COCKLE,NOT GUILTY,1865,DISCHARGED
43950,MALE,FORGERY OR UTTERING,ROCKHAMPTON,LUTWYCHE,GUILTY,1865,12-18 MONTHS HL
44716,MALE,LARCENY,ROCKHAMPTON,COCKLE,NOLLE,1865,DISCHARGED
44718,MALE,FORGERY OR UTTERING,TOOWOOMBA,COCKLE,NOLLE,1865,DISCHARGED
44973,MALE,LARCENY,BRISBANE,COCKLE,GUILTY,1864,1-11 MONTHS HL
45000,MALE,HORSE STEALING,TOOWOOMBA,COCKLE,GUILTY,1865,7 YEARS
45024,MALE,LARCENY,BRISBANE,COCKLE,NOT GUILTY,1864,DISCHARGED
45027,MALE,LARCENY,BRISBANE,COCKLE,GUILTY,1864,1-11 MONTHS HL
45249,MALE,FORGERY OR UTTERING,MARYBOROUGH,COCKLE,GUILTY,1864,1-11 MONTHS HL
45931,MALE,LARCENY,BRISBANE,COCKLE,GUILTY,1864,12-18 MONTHS HL
45989,MALE,LARCENY,TOOWOOMBA,COCKLE,GUILTY,1866,2 YEARS HL
45991,MALE,LARCENY,BRISBANE,LUTWYCHE,GUILTY,1865,1-11 MONTHS HL
46001,MALE,LARCENY,TOOWOOMBA,COCKLE,GUILTY,1866,1-11 MONTHS HL
46011,FEMALE,LARCENY,TOOWOOMBA,COCKLE,NOT GUILTY,1866,DISCHARGED
47696,FEMALE,LARCENY,ROCKHAMPTON,LUTWYCHE,NOT GUILTY,1860,DISCHARGED
47729,MALE,EMBEZZLEMENT,ROCKHAMPTON,LUTWYCHE,GUILTY,1863,12-18 MONTHS HL
47765,MALE,FORGERY OR UTTERING,BRISBANE,MILLER,GUILTY,1886,12-18 MONTHS HL
47771,MALE,EMBEZZLEMENT,BRISBANE,MILLER,GUILTY,1886,12-18 MONTHS HL
48041,MALE,FORGERY OR UTTERING,BRISBANE,MILLER,GUILTY,1886,3 YEARS
48120,MALE,FORGERY OR UTTERING,BRISBANE,MILLER,GUILTY,1886,2 YEARS HL
48352,MALE,EMBEZZLEMENT,BRISBANE,MILLER,GUILTY,1886,1-11 MONTHS
48429,MALE,LARCENY,TOOWOOMBA,PAUL,GUILTY,1878,2 YEARS HL
48430,MALE,LARCENY,ROMA,PAUL,NOT GUILTY,1878,DISCHARGED
48431,MALE,LARCENY,ROMA,PAUL,NOT GUILTY,1878,DISCHARGED
48435,MALE,LARCENY,BRISBANE,PAUL,GUILTY,1878,2 YEARS HL
48527,MALE,LARCENY,BRISBANE,MILLER,GUILTY,1886,12-18 MONTHS
48531,MALE,LARCENY,BRISBANE,MILLER,GUILTY,1886,12-18 MONTHS HL
49499,FEMALE,LARCENY,BRISBANE,LUTWYCHE,GUILTY,1865,1-11 MONTHS HL
50356,MALE,LARCENY,BUNDABERG,MILLER,NOT GUILTY,1896,DISCHARGED
50360,MALE,LARCENY,TOWNSVILLE,NOEL,GUILTY,1896,3 YEARS HL
50361,MALE,LARCENY,TOWNSVILLE,NOEL,GUILTY,1896,SUSPENDED
50362,MALE,LARCENY,TOWNSVILLE,NOEL,GUILTY,1896,SUSPENDED
50386,MALE,LARCENY,TOWNSVILLE,NOEL,NOT GUILTY,1896,DISCHARGED
50387,MALE,LARCENY,TOWNSVILLE,NOEL,NOT GUILTY,1896,DISCHARGED
50488,MALE,EMBEZZLEMENT,BRISBANE,PAUL,GUILTY,1896,SUSPENDED
50489,MALE,LARCENY,ROCKHAMPTON,MILLER,GUILTY,1896,2 YEARS HL
50491,MALE,LARCENY,ROCKHAMPTON,MILLER,NOT GUILTY,1896,DISCHARGED
50492,MALE,LARCENY,ROCKHAMPTON,MILLER,NOT GUILTY,1896,DISCHARGED
50511,MALE,CATTLE STEALING,MARYBOROUGH,MILLER,NOT GUILTY,1896,DISCHARGED
50514,MALE,LARCENY,MARYBOROUGH,MILLER,NOT GUILTY,1896,DISCHARGED
50516,MALE,LARCENY,MARYBOROUGH,MILLER,GUILTY,1896,2 YEARS HL
50519,MALE,LARCENY,BRISBANE,PAUL,GUILTY RECOMMENDED TO MERCY,1896,1-11 MONTHS
50808,MALE,LARCENY,BRISBANE,PAUL,GUILTY,1879,12-18 MONTHS HL
50908,FEMALE,LARCENY,BRISBANE,PAUL,GUILTY,1879,1-11 MONTHS
50909,FEMALE,LARCENY,BRISBANE,PAUL,NOT GUILTY,1879,DISCHARGED
52002,MALE,LARCENY,CHARTERS TOWERS,NOEL,GUILTY,1886,2 YEARS HL
52014,MALE,LARCENY,BRISBANE,MILLER,GUILTY,1886,2 YEARS HL
52019,FEMALE,LARCENY,BRISBANE,MILLER,GUILTY,1886,12-18 MONTHS HL
52024,MALE,HORSE STEALING,TOOWOOMBA,PAUL,NOT GUILTY,1886,DISCHARGED
52046,MALE,LARCENY,BRISBANE,PAUL,NOT GUILTY,1880,DISCHARGED
52050,MALE,LARCENY,BRISBANE,PAUL,NOT GUILTY,1880,DISCHARGED
52051,MALE,LARCENY,BRISBANE,PAUL,GUILTY RECOMMENDED TO MERCY,1880,12-18 MONTHS HL
52094,MALE,LARCENY,IPSWICH,PAUL,GUILTY,1886,1-11 MONTHS HL
52097,MALE,LARCENY,TOOWOOMBA,PAUL,GUILTY,1886,1-11 MONTHS HL
52190,MALE,HORSE STEALING,TOOWOOMBA,PAUL,GUILTY RECOMMENDED TO MERCY,1880,1-11 MONTHS
52193,MALE,LARCENY,BRISBANE,PAUL,GUILTY,1880,1-11 MONTHS HL
52202,MALE,LARCENY,IPSWICH,PAUL,NOT GUILTY,1886,DISCHARGED
52221,MALE,LARCENY,ROMA,PAUL,GUILTY,1880,12-18 MONTHS HL
52317,MALE,FORGERY OR UTTERING,BRISBANE,PAUL,GUILTY,1881,12-18 MONTHS HL
52484,FEMALE,LARCENY,BRISBANE,PAUL,NOT GUILTY,1881,DISCHARGED
52485,FEMALE,LARCENY,BRISBANE,PAUL,GUILTY,1881,1-11 MONTHS HL
55636,MALE,FORGERY OR UTTERING,ROCKHAMPTON,MILLER,GUILTY,1892,2 YEARS HL
56281,MALE,EMBEZZLEMENT,ROCKHAMPTON,LUTWYCHE,NOT GUILTY,1864,DISCHARGED
56399,MALE,FORGERY OR UTTERING,TOOWOOMBA,COCKLE,GUILTY,1865,1-11 MONTHS HL
56404,MALE,FORGERY OR UTTERING,BRISBANE,LUTWYCHE,GUILTY,1865,2 YEARS HL
58025,FEMALE,LARCENY,ROCKHAMPTON,LUTWYCHE,GUILTY,1863,1-11 MONTHS HL
58048,MALE,LARCENY,BRISBANE,COCKLE,GUILTY,1863,1-11 MONTHS HL
58132,FEMALE,LARCENY,ROCKHAMPTON,LUTWYCHE,NOT GUILTY,1864,DISCHARGED
58196,MALE,LARCENY,TOWNSVILLE,NOEL,GUILTY,1894,SUSPENDED
58265,MALE,FALSE PRETENCES,BRISBANE,MILLER,NOT GUILTY,1892,DISCHARGED
58376,MALE,LARCENY,BRISBANE,LUTWYCHE,NOT GUILTY,1863,DISCHARGED
58377,MALE,LARCENY,BRISBANE,LUTWYCHE,NOT GUILTY,1863,DISCHARGED
58396,MALE,LARCENY,ROCKHAMPTON,MILLER,GUILTY,1894,3 YEARS
59480,MALE,LARCENY,TOOWOOMBA,PAUL,GUILTY,1894,12-18 MONTHS HL
59481,MALE,LARCENY,TOOWOOMBA,PAUL,NOLLE,1894,DISCHARGED
59999,FEMALE,LARCENY,BRISBANE,PAUL,NOT GUILTY,1895,DISCHARGED
60009,MALE,LARCENY,ROCKHAMPTON,MILLER,NOT GUILTY,1895,DISCHARGED
60010,MALE,LARCENY,ROCKHAMPTON,MILLER,GUILTY,1895,2 YEARS HL
60012,MALE,LARCENY,ROCKHAMPTON,MILLER,NOT GUILTY,1895,DISCHARGED
60451,MALE,HORSE STEALING,BRISBANE,PAUL,GUILTY,1895,2 YEARS HL
60950,MALE,EMBEZZLEMENT,BRISBANE,MILLER,GUILTY,1893,2 YEARS HL
61000,MALE,LARCENY,BRISBANE,MILLER,GUILTY,1893,2 YEARS HL
61331,MALE,HORSE STEALING,BRISBANE,PAUL,GUILTY,1894,SUSPENDED
61452,MALE,LARCENY,BUNDABERG,MILLER,GUILTY,1893,2 YEARS HL
61459,FEMALE,LARCENY,BRISBANE,MILLER,GUILTY,1893,1-11 MONTHS HL
61489,FEMALE,LARCENY,MARYBOROUGH,MILLER,NOT GUILTY,1892,DISCHARGED
61492,MALE,LARCENY,BRISBANE,MILLER,GUILTY,1892,12-18 MONTHS HL
61544,MALE,CATTLE STEALING,BRISBANE,COCKLE,NOT GUILTY,1872,DISCHARGED
61578,MALE,LARCENY,TOWNSVILLE,NOEL,GUILTY,1894,SUSPENDED
61580,MALE,LARCENY,BRISBANE,PAUL,GUILTY,1894,1-11 MONTHS HL
61585,FEMALE,LARCENY,BRISBANE,PAUL,NOLLE,1893,DISCHARGED
61586,MALE,LARCENY,BRISBANE,PAUL,NOLLE,1893,DISCHARGED
61588,MALE,LARCENY,BRISBANE,PAUL,NOLLE,1893,DISCHARGED
61667,MALE,FORGERY OR UTTERING,IPSWICH,PAUL,GUILTY,1893,SUSPENDED
61707,MALE,FALSE PRETENCES,IPSWICH,PAUL,GUILTY,1893,1-11 MONTHS HL
61713,MALE,LARCENY,BRISBANE,PAUL,NOT GUILTY,1894,DISCHARGED
61714,MALE,EMBEZZLEMENT,BRISBANE,PAUL,GUILTY,1894,12-18 MONTHS HL
61719,MALE,CATTLE STEALING,BRISBANE,PAUL,NOT GUILTY,1894,DISCHARGED
61720,MALE,EMBEZZLEMENT,BRISBANE,PAUL,GUILTY,1894,SUSPENDED
61800,MALE,LARCENY,BRISBANE,COCKLE,GUILTY RECOMMENDED TO MERCY,1872,12-18 MONTHS HL
61939,MALE,HORSE STEALING,ROCKHAMPTON,LUTWYCHE,GUILTY,1864,12-18 MONTHS HL
61942,MALE,LARCENY,BRISBANE,PAUL,NOT GUILTY,1895,DISCHARGED
62015,MALE,LARCENY,MARYBOROUGH,COCKLE,GUILTY RECOMMENDED TO MERCY,1875,12-18 MONTHS HL
62458,MALE,LARCENY,ROCKHAMPTON,MILLER,NOT GUILTY,1894,DISCHARGED
62459,MALE,LARCENY,ROCKHAMPTON,MILLER,NOT GUILTY,1894,DISCHARGED
62979,MALE,HORSE STEALING,BRISBANE,COCKLE,GUILTY,1875,12-18 MONTHS HL
62983,MALE,FORGERY OR UTTERING,ROCKHAMPTON,COCKLE,GUILTY,1875,12-18 MONTHS HL
62984,MALE,FORGERY OR UTTERING,ROCKHAMPTON,COCKLE,GUILTY,1875,12-18 MONTHS HL
63142,MALE,LARCENY,BRISBANE,PAUL,NOT GUILTY,1894,DISCHARGED
63144,MALE,LARCENY,BUNDABERG,MILLER,GUILTY,1894,SUSPENDED
63218,MALE,HORSE STEALING,IPSWICH,PAUL,GUILTY,1894,1-11 MONTHS HL
63696,MALE,LARCENY,ROCKHAMPTON,MILLER,GUILTY,1894,2 YEARS HL
64339,MALE,LARCENY,TOOWOOMBA,PAUL,GUILTY,1893,SUSPENDED
64342,MALE,LARCENY,ROCKHAMPTON,MILLER,GUILTY,1893,2 YEARS HL
64379,MALE,FORGERY OR UTTERING,TOOWOOMBA,PAUL,GUILTY,1894,12-18 MONTHS HL
64381,MALE,FALSE PRETENCES,ROCKHAMPTON,MILLER,GUILTY,1892,2 YEARS HL
64586,MALE,HORSE STEALING,ROCKHAMPTON,MILLER,NOT GUILTY,1893,DISCHARGED
64595,MALE,LARCENY,CHARTERS TOWERS,NOEL,GUILTY,1893,12-18 MONTHS HL
64596,MALE,LARCENY,CHARTERS TOWERS,NOEL,GUILTY,1893,3 YEARS HL
64600,MALE,CATTLE STEALING,CHARTERS TOWERS,NOEL,NOLLE,1893,DISCHARGED
64629,MALE,LARCENY,TOWNSVILLE,NOEL,GUILTY,1893,12-18 MONTHS HL
64633,MALE,LARCENY,TOWNSVILLE,NOEL,GUILTY,1893,SUSPENDED
64676,MALE,LARCENY,ROCKHAMPTON,MILLER,GUILTY,1892,SUSPENDED
64835,MALE,LARCENY,CHARTERS TOWERS,NOEL,NOT GUILTY,1894,DISCHARGED
64838,MALE,FALSE PRETENCES,BRISBANE,PAUL,GUILTY,1894,SUSPENDED
65830,MALE,LARCENY,TOWNSVILLE,NOEL,NOT GUILTY,1893,DISCHARGED
65888,MALE,FALSE PRETENCES,BRISBANE,PAUL,GUILTY,1893,1-11 MONTHS HL
65894,MALE,LARCENY,BRISBANE,PAUL,GUILTY,1893,12-18 MONTHS HL
65909,MALE,FORGERY OR UTTERING,BRISBANE,PAUL,GUILTY,1893,2 YEARS HL
66362,MALE,LARCENY,BRISBANE,PAUL,GUILTY,1893,1-11 MONTHS HL
66375,MALE,LARCENY,BRISBANE,PAUL,GUILTY,1893,12-18 MONTHS HL
67035,MALE,LARCENY,CHARTERS TOWERS,NOEL,GUILTY,1897,SUSPENDED
68645,MALE,EMBEZZLEMENT,ROMA,PAUL,GUILTY,1895,SUSPENDED
68649,MALE,HORSE STEALING,ROCKHAMPTON,LUTWYCHE,NOT GUILTY,1876,DISCHARGED
68670,MALE,HORSE STEALING,ROMA,PAUL,NOT GUILTY,1892,DISCHARGED
68671,MALE,HORSE STEALING,ROMA,PAUL,NOT GUILTY,1892,DISCHARGED
68733,MALE,LARCENY,ROCKHAMPTON,MILLER,GUILTY,1897,12-18 MONTHS HL
68738,MALE,LARCENY,CHARTERS TOWERS,NOEL,GUILTY,1897,SUSPENDED
68740,MALE,LARCENY,BRISBANE,PAUL,NOLLE,1897,DISCHARGED
68741,MALE,LARCENY,BRISBANE,PAUL,NOLLE,1897,DISCHARGED
68742,MALE,LARCENY,BRISBANE,PAUL,NOLLE,1897,DISCHARGED
68749,MALE,FORGERY OR UTTERING,ROCKHAMPTON,MILLER,GUILTY,1897,1-11 MONTHS HL
68814,MALE,LARCENY,BRISBANE,MILLER,GUILTY,1897,1-11 MONTHS HL
68917,MALE,LARCENY,ROCKHAMPTON,MILLER,GUILTY,1895,2 YEARS HL
69110,MALE,FALSE PRETENCES,BRISBANE,MILLER,NOT GUILTY,1897,DISCHARGED
69123,FEMALE,LARCENY,BRISBANE,MILLER,NOT GUILTY,1897,DISCHARGED
69232,MALE,LARCENY,BRISBANE,PAUL,GUILTY,1897,SUSPENDED
69240,MALE,FALSE PRETENCES,BRISBANE,PAUL,GUILTY,1897,12-18 MONTHS HL
69258,MALE,EMBEZZLEMENT,ROMA,PAUL,GUILTY,1895,SUSPENDED
69261,MALE,LARCENY,ROCKHAMPTON,MILLER,GUILTY,1895,SUSPENDED
69270,MALE,FORGERY OR UTTERING,ROCKHAMPTON,MILLER,NOT GUILTY,1895,DISCHARGED
69432,MALE,LARCENY,ROCKHAMPTON,MILLER,GUILTY,1895,12-18 MONTHS HL
69460,MALE,FORGERY OR UTTERING,TOOWOOMBA,PAUL,GUILTY,1897,12-18 MONTHS HL
69578,MALE,FALSE PRETENCES,BUNDABERG,MILLER,GUILTY,1897,2 YEARS HL
70051,MALE,LARCENY,ROCKHAMPTON,MILLER,GUILTY,1898,12-18 MONTHS HL
70054,MALE,LARCENY,BUNDABERG,MILLER,GUILTY,1898,1-11 MONTHS HL
70059,MALE,LARCENY,BRISBANE,PAUL,GUILTY,1898,12-18 MONTHS HL
70061,MALE,LARCENY,ROCKHAMPTON,MILLER,GUILTY,1898,1-11 MONTHS HL
70183,MALE,FORGERY OR UTTERING,BRISBANE,PAUL,GUILTY,1897,SUSPENDED
70186,MALE,LARCENY,TOWNSVILLE,NOEL,NOLLE,1897,DISCHARGED
70256,MALE,LARCENY,ROCKHAMPTON,MILLER,NOT GUILTY,1899,DISCHARGED
70305,MALE,LARCENY,MARYBOROUGH,MILLER,GUILTY,1898,1-11 MONTHS HL
70447,MALE,LARCENY,BRISBANE,PAUL,NOT GUILTY,1898,DISCHARGED
70448,MALE,LARCENY,BRISBANE,PAUL,GUILTY RECOMMENDED TO MERCY,1898,SUSPENDED
70836,MALE,LARCENY,ROCKHAMPTON,MILLER,GUILTY,1899,12-18 MONTHS HL
70837,MALE,LARCENY,ROCKHAMPTON,MILLER,GUILTY,1899,12-18 MONTHS HL
70859,MALE,EMBEZZLEMENT,BUNDABERG,MILLER,GUILTY,1899,SUSPENDED
70909,MALE,LARCENY,ROCKHAMPTON,MILLER,GUILTY,1892,1-11 MONTHS HL
71041,MALE,LARCENY,ROMA,PAUL,GUILTY,1892,12-18 MONTHS HL
71497,MALE,FALSE PRETENCES,ROCKHAMPTON,MILLER,GUILTY,1892,12-18 MONTHS HL
71503,MALE,FALSE PRETENCES,ROCKHAMPTON,MILLER,NOT GUILTY,1892,DISCHARGED
71525,MALE,LARCENY,ROMA,PAUL,GUILTY,1892,12-18 MONTHS HL
71542,FEMALE,CATTLE STEALING,BRISBANE,MILLER,NOT GUILTY,1892,DISCHARGED
71544,MALE,LARCENY,ROMA,PAUL,GUILTY,1892,12-18 MONTHS HL
71549,MALE,LARCENY,BRISBANE,PAUL,GUILTY,1892,1-11 MONTHS HL
71551,MALE,LARCENY,ROMA,PAUL,GUILTY,1892,12-18 MONTHS HL
71654,MALE,LARCENY,TOWNSVILLE,NOEL,NOT GUILTY,1892,DISCHARGED
71656,MALE,LARCENY,TOWNSVILLE,NOEL,GUILTY,1892,1-11 MONTHS HL
71750,MALE,FALSE PRETENCES,CHARTERS TOWERS,NOEL,NOT GUILTY,1892,DISCHARGED
71754,MALE,LARCENY,CHARTERS TOWERS,NOEL,GUILTY,1892,2 YEARS HL
71755,MALE,LARCENY,CHARTERS TOWERS,NOEL,GUILTY,1892,2 YEARS HL
73466,MALE,FORGERY OR UTTERING,BRISBANE,PAUL,GUILTY,1894,SUSPENDED
73469,MALE,LARCENY,BRISBANE,PAUL,NOT GUILTY,1894,DISCHARGED
73591,MALE,LARCENY,ROCKHAMPTON,MILLER,GUILTY,1892,12-18 MONTHS HL
73595,MALE,LARCENY,ROCKHAMPTON,MILLER,GUILTY,1892,12-18 MONTHS HL
73623,MALE,EMBEZZLEMENT,BRISBANE,COCKLE,NOLLE,1876,DISCHARGED
73627,MALE,LARCENY,BRISBANE,COCKLE,GUILTY,1876,3 YEARS HL
73738,MALE,LARCENY,BUNDABERG,MILLER,NOT GUILTY,1899,DISCHARGED
73894,MALE,FALSE PRETENCES,BRISBANE,PAUL,GUILTY,1892,2 YEARS HL
73940,MALE,LARCENY,TOWNSVILLE,NOEL,GUILTY,1892,2 YEARS HL
73941,MALE,EMBEZZLEMENT,CHARTERS TOWERS,NOEL,GUILTY,1892,2 YEARS HL
73942,MALE,EMBEZZLEMENT,CHARTERS TOWERS,NOEL,GUILTY,1892,12-18 MONTHS HL
73943,FEMALE,LARCENY,ROCKHAMPTON,MILLER,GUILTY,1892,12-18 MONTHS HL
73944,MALE,LARCENY,CHARTERS TOWERS,NOEL,NOT GUILTY,1892,DISCHARGED
73946,MALE,HORSE STEALING,CHARTERS TOWERS,NOEL,GUILTY,1892,2 YEARS HL
73947,MALE,EMBEZZLEMENT,CHARTERS TOWERS,NOEL,GUILTY,1892,12-18 MONTHS HL
73948,MALE,FALSE PRETENCES,CHARTERS TOWERS,NOEL,NOT GUILTY,1892,DISCHARGED
73974,MALE,LARCENY,ROMA,PAUL,GUILTY,1892,1-11 MONTHS HL
73975,MALE,FORGERY OR UTTERING,ROMA,PAUL,GUILTY,1892,2 YEARS HL
74032,FEMALE,LARCENY,BUNDABERG,MILLER,NOT GUILTY,1895,DISCHARGED
74166,MALE,LARCENY,ROCKHAMPTON,MILLER,NOT GUILTY,1895,DISCHARGED
74173,MALE,LARCENY,BRISBANE,PAUL,GUILTY,1895,1-11 MONTHS HL
74176,MALE,EMBEZZLEMENT,BRISBANE,PAUL,GUILTY,1895,1-11 MONTHS HL
74177,MALE,EMBEZZLEMENT,BRISBANE,PAUL,GUILTY,1895,1-11 MONTHS HL
74194,MALE,LARCENY,BRISBANE,PAUL,NOT GUILTY,1892,DISCHARGED
74195,MALE,LARCENY,BRISBANE,PAUL,NOT GUILTY,1892,DISCHARGED
74196,MALE,LARCENY,BRISBANE,PAUL,NOT GUILTY,1892,DISCHARGED
74211,MALE,LARCENY,TOWNSVILLE,NOEL,GUILTY,1892,3 YEARS
74252,MALE,LARCENY,ROCKHAMPTON,MILLER,NOT GUILTY,1893,DISCHARGED
74254,MALE,LARCENY,ROCKHAMPTON,MILLER,GUILTY,1893,12-18 MONTHS HL
74367,MALE,LARCENY,ROCKHAMPTON,MILLER,GUILTY,1893,12-18 MONTHS HL
74376,MALE,LARCENY,ROCKHAMPTON,MILLER,GUILTY,1893,1-11 MONTHS HL
74377,MALE,FALSE PRETENCES,ROCKHAMPTON,MILLER,GUILTY,1893,2 YEARS HL
74431,MALE,LARCENY & RECEIVING,BRISBANE,LUTWYCHE,GUILTY,1877,2 YEARS HL
74432,MALE,LARCENY,BRISBANE,LUTWYCHE,GUILTY,1877,1-11 MONTHS HL
74433,MALE,LARCENY,ROCKHAMPTON,MILLER,GUILTY,1898,1-11 MONTHS HL
74499,MALE,LARCENY,TOWNSVILLE,NOEL,GUILTY,1893,1-11 MONTHS HL
74500,MALE,LARCENY,ROMA,PAUL,GUILTY,1892,SUSPENDED
74501,MALE,LARCENY,BUNDABERG,MILLER,GUILTY,1893,SUSPENDED
74805,MALE,LARCENY,BRISBANE,PAUL,NOT GUILTY,1892,DISCHARGED
74815,MALE,LARCENY,BRISBANE,PAUL,GUILTY,1892,2 YEARS HL
74876,MALE,HORSE STEALING,TOOWOOMBA,PAUL,GUILTY,1877,12-18 MONTHS HL
74890,MALE,LARCENY & RECEIVING,BRISBANE,LUTWYCHE,GUILTY,1877,12-18 MONTHS HL
75552,MALE,HORSE STEALING,TOOWOOMBA,LUTWYCHE,GUILTY,1877,12-18 MONTHS HL
75733,MALE,FALSE PRETENCES,TOWNSVILLE,NOEL,GUILTY,1892,1-11 MONTHS HL
75974,MALE,LARCENY,TOWNSVILLE,NOEL,NOT GUILTY,1892,DISCHARGED
76002,MALE,LARCENY,BUNDABERG,MILLER,GUILTY,1899,1-11 MONTHS HL
76029,MALE,LARCENY,BRISBANE,PAUL,NOT GUILTY,1893,DISCHARGED
76060,MALE,LARCENY,CHARTERS TOWERS,NOEL,NOLLE,1893,DISCHARGED
76061,MALE,LARCENY,CHARTERS TOWERS,NOEL,GUILTY,1893,2 YEARS HL
76069,MALE,LARCENY,CHARTERS TOWERS,NOEL,GUILTY,1893,12-18 MONTHS HL
76071,MALE,LARCENY,BRISBANE,PAUL,GUILTY,1893,1-11 MONTHS HL
76090,MALE,EMBEZZLEMENT,ROCKHAMPTON,MILLER,GUILTY,1892,12-18 MONTHS HL
77000,MALE,EMBEZZLEMENT,MARYBOROUGH,MILLER,GUILTY,1893,3 YEARS HL
77007,MALE,LARCENY,MARYBOROUGH,MILLER,NOT GUILTY,1893,DISCHARGED
77116,MALE,LARCENY,MARYBOROUGH,LUTWYCHE,GUILTY,1860,1-11 MONTHS HL
77117,MALE,LARCENY,MARYBOROUGH,LUTWYCHE,GUILTY,1860,1-11 MONTHS HL
77134,MALE,LARCENY,TOOWOOMBA,PAUL,NOT GUILTY,1893,DISCHARGED
77196,MALE,LARCENY,MARYBOROUGH,LUTWYCHE,GUILTY,1861,12-18 MONTHS HL
77210,MALE,LARCENY & RECEIVING,MARYBOROUGH,LUTWYCHE,GUILTY,1861,1-11 MONTHS HL
77222,MALE,FALSE PRETENCES,MARYBOROUGH,LUTWYCHE,NOT GUILTY,1861,DISCHARGED
77324,MALE,LARCENY,ROCKHAMPTON,COCKLE,NOT GUILTY,1864,DISCHARGED
77325,MALE,LARCENY,ROCKHAMPTON,COCKLE,NOT GUILTY,1864,DISCHARGED
77353,MALE,FORGERY OR UTTERING,TOOWOOMBA,LUTWYCHE,GUILTY,1864,2 YEARS HL
77354,MALE,FORGERY OR UTTERING,TOOWOOMBA,LUTWYCHE,NOLLE,1864,DISCHARGED
77355,MALE,FORGERY OR UTTERING,TOOWOOMBA,LUTWYCHE,NOT GUILTY,1864,DISCHARGED
77409,MALE,HORSE STEALING,MARYBOROUGH,LUTWYCHE,GUILTY,1861,2 YEARS HL
77428,MALE,LARCENY & RECEIVING,MARYBOROUGH,LUTWYCHE,GUILTY,1861,12-18 MONTHS HL
77429,MALE,LARCENY & RECEIVING,MARYBOROUGH,LUTWYCHE,GUILTY,1861,12-18 MONTHS HL
77520,MALE,HORSE STEALING,MARYBOROUGH,LUTWYCHE,GUILTY,1862,1-11 MONTHS HL
77622,MALE,LARCENY,TOOWOOMBA,COCKLE,GUILTY,1864,1-11 MONTHS HL
77628,MALE,LARCENY,BRISBANE,COCKLE,NOT GUILTY,1864,DISCHARGED
77838,MALE,LARCENY,BRISBANE,NOEL,GUILTY,1899,1-11 MONTHS HL
77984,MALE,LARCENY,BRISBANE,LUTWYCHE,GUILTY,1864,12-18 MONTHS HL
77985,MALE,CATTLE STEALING,BRISBANE,LUTWYCHE,NOT GUILTY,1864,DISCHARGED
77986,MALE,FALSE PRETENCES,BRISBANE,LUTWYCHE,GUILTY,1864,12-18 MONTHS HL
78011,MALE,LARCENY & RECEIVING,TOOWOOMBA,LUTWYCHE,NOT GUILTY,1865,DISCHARGED
78028,MALE,LARCENY,BRISBANE,COCKLE,GUILTY,1865,12-18 MONTHS HL
78029,MALE,LARCENY & RECEIVING,BRISBANE,COCKLE,GUILTY,1865,1-11 MONTHS HL
78030,MALE,LARCENY & RECEIVING,BRISBANE,COCKLE,NOT GUILTY,1865,DISCHARGED
78033,MALE,LARCENY,BRISBANE,COCKLE,NOT GUILTY,1865,DISCHARGED
78037,MALE,LARCENY,BRISBANE,LUTWYCHE,GUILTY,1864,12-18 MONTHS HL
78038,MALE,LARCENY,BRISBANE,LUTWYCHE,GUILTY,1864,1-11 MONTHS HL
78039,MALE,FORGERY OR UTTERING,BRISBANE,LUTWYCHE,GUILTY,1864,12-18 MONTHS HL
78060,MALE,FORGERY OR UTTERING,ROCKHAMPTON,COCKLE,GUILTY,1865,12-18 MONTHS HL
78062,MALE,HORSE STEALING,ROCKHAMPTON,COCKLE,NOT GUILTY,1865,DISCHARGED
78069,MALE,LARCENY,ROCKHAMPTON,COCKLE,GUILTY,1865,12-18 MONTHS HL
78076,MALE,LARCENY,ROCKHAMPTON,MILLER,GUILTY,1892,12-18 MONTHS HL
78077,MALE,LARCENY,TOWNSVILLE,NOEL,GUILTY,1892,3 YEARS
78082,MALE,CATTLE STEALING,MARYBOROUGH,MILLER,GUILTY,1892,4 YEARS HL
78094,FEMALE,LARCENY,MARYBOROUGH,MILLER,GUILTY,1892,12-18 MONTHS HL
78095,FEMALE,LARCENY,MARYBOROUGH,MILLER,GUILTY,1892,12-18 MONTHS HL
78283,MALE,HORSE STEALING,ROCKHAMPTON,COCKLE,GUILTY,1865,3 YEARS HL
78334,MALE,LARCENY & RECEIVING,TOOWOOMBA,COCKLE,NOT GUILTY,1865,DISCHARGED
78434,MALE,HORSE STEALING,ROCKHAMPTON,LUTWYCHE,GUILTY,1865,5 YEARS HL
78662,MALE,LARCENY & RECEIVING,MARYBOROUGH,LUTWYCHE,NOT GUILTY,1862,DISCHARGED
78677,MALE,LARCENY & RECEIVING,TOOWOOMBA,COCKLE,NOT GUILTY,1866,DISCHARGED
78680,MALE,LARCENY,TOOWOOMBA,COCKLE,GUILTY,1865,1-11 MONTHS HL
78693,MALE,LARCENY,TOOWOOMBA,COCKLE,GUILTY,1865,1-11 MONTHS HL
78698,MALE,LARCENY & RECEIVING,BRISBANE,COCKLE,GUILTY,1865,1-11 MONTHS HL
78704,MALE,LARCENY,BRISBANE,COCKLE,NOT GUILTY,1865,DISCHARGED
78726,MALE,EMBEZZLEMENT,ROCKHAMPTON,LUTWYCHE,NOT GUILTY,1865,DISCHARGED
78736,MALE,LARCENY & RECEIVING,MARYBOROUGH,LUTWYCHE,NOT GUILTY,1862,DISCHARGED
78739,MALE,LARCENY & RECEIVING,MARYBOROUGH,LUTWYCHE,NOT GUILTY,1862,DISCHARGED
78751,MALE,LARCENY,ROCKHAMPTON,LUTWYCHE,GUILTY,1865,1-11 MONTHS HL
78752,MALE,LARCENY,MARYBOROUGH,LUTWYCHE,GUILTY,1862,1-11 MONTHS HL
79007,MALE,LARCENY,BRISBANE,LUTWYCHE,NOT GUILTY,1878,DISCHARGED
79036,MALE,HORSE STEALING,MARYBOROUGH,COCKLE,GUILTY,1865,2 YEARS HL
79049,MALE,HORSE STEALING,MARYBOROUGH,COCKLE,NOT GUILTY,1865,DISCHARGED
79057,MALE,HORSE STEALING,MARYBOROUGH,COCKLE,GUILTY,1865,1-11 MONTHS HL
79101,MALE,HORSE STEALING,MARYBOROUGH,LUTWYCHE,NOT GUILTY,1865,DISCHARGED
79498,MALE,LARCENY,ROCKHAMPTON,MILLER,NOT GUILTY,1899,DISCHARGED
79577,MALE,LARCENY,IPSWICH,NOEL,NOLLE,1899,DISCHARGED
79633,MALE,HORSE STEALING,TOOWOOMBA,COCKLE,GUILTY,1866,3 YEARS
79643,MALE,HORSE STEALING,TOOWOOMBA,COCKLE,NOT GUILTY,1866,DISCHARGED
79664,MALE,HORSE STEALING,ROCKHAMPTON,LUTWYCHE,GUILTY,1866,12-18 MONTHS HL
79667,MALE,LARCENY,TOOWOOMBA,COCKLE,NOT GUILTY,1866,DISCHARGED
80269,MALE,LARCENY & RECEIVING,MARYBOROUGH,LUTWYCHE,GUILTY,1868,1-11 MONTHS HL
80302,MALE,FALSE PRETENCES,MARYBOROUGH,LUTWYCHE,NOLLE,1868,DISCHARGED
80318,MALE,LARCENY,MARYBOROUGH,COCKLE,NOLLE,1868,DISCHARGED
80324,MALE,LARCENY & RECEIVING,MARYBOROUGH,COCKLE,GUILTY,1868,1-11 MONTHS HL
80328,MALE,CATTLE STEALING,MARYBOROUGH,COCKLE,NOLLE,1868,DISCHARGED
80415,MALE,EMBEZZLEMENT,MARYBOROUGH,COCKLE,NOLLE,1868,DISCHARGED
80428,MALE,LARCENY & RECEIVING,MARYBOROUGH,COCKLE,GUILTY,1868,1-11 MONTHS HL
80478,MALE,HORSE STEALING,MARYBOROUGH,COCKLE,GUILTY,1868,12-18 MONTHS HL
80492,MALE,HORSE STEALING,MARYBOROUGH,COCKLE,NOLLE,1868,DISCHARGED
80571,MALE,LARCENY,MARYBOROUGH,COCKLE,GUILTY,1869,1-11 MONTHS HL
80604,MALE,HORSE STEALING,MARYBOROUGH,COCKLE,GUILTY,1870,3 YEARS HL
81105,MALE,LARCENY,TOOWOOMBA,PAUL,GUILTY,1878,2 YEARS
81684,MALE,LARCENY,ROCKHAMPTON,MILLER,GUILTY,1893,12-18 MONTHS HL
81744,MALE,LARCENY & RECEIVING,MARYBOROUGH,COCKLE,NOT GUILTY,1872,DISCHARGED
81747,MALE,LARCENY & RECEIVING,MARYBOROUGH,COCKLE,GUILTY,1872,12-18 MONTHS HL
81987,MALE,HORSE STEALING,MARYBOROUGH,LUTWYCHE,NOT GUILTY,1876,DISCHARGED
83047,MALE,EMBEZZLEMENT,MARYBOROUGH,LUTWYCHE,NOT GUILTY,1878,DISCHARGED
83444,MALE,LARCENY,BRISBANE,MILLER,NOLLE,1882,DISCHARGED
83446,MALE,FALSE PRETENCES,BRISBANE,MILLER,GUILTY,1882,DISCHARGED
83508,MALE,LARCENY,BRISBANE,COCKLE,NOT GUILTY,1878,DISCHARGED
83509,MALE,LARCENY,BRISBANE,COCKLE,NOT GUILTY,1878,DISCHARGED
83553,FEMALE,LARCENY,BRISBANE,MILLER,NOLLE,1882,DISCHARGED
83554,MALE,LARCENY,BRISBANE,MILLER,GUILTY,1882,12-18 MONTHS
83770,MALE,LARCENY,TOOWOOMBA,LUTWYCHE,NOLLE,1863,DISCHARGED
83834,MALE,LARCENY,BRISBANE,PAUL,GUILTY,1878,1-11 MONTHS HL
83900,FEMALE,LARCENY,BRISBANE,PAUL,GUILTY,1878,12-18 MONTHS HL
83930,MALE,HORSE STEALING,TOOWOOMBA,PAUL,GUILTY,1878,2 YEARS HL
83993,FEMALE,LARCENY,BRISBANE,MILLER,GUILTY,1882,12-18 MONTHS
84016,MALE,LARCENY,BRISBANE,COCKLE,GUILTY,1872,1-11 MONTHS
85958,MALE,CATTLE STEALING,IPSWICH,COCKLE,NOT GUILTY,1871,DISCHARGED
85959,MALE,LARCENY,IPSWICH,COCKLE,GUILTY,1871,1-11 MONTHS HL
85992,MALE,HORSE STEALING,BRISBANE,PAUL,GUILTY,1893,SUSPENDED
85995,MALE,LARCENY,BRISBANE,PAUL,GUILTY,1893,SUSPENDED
86147,MALE,LARCENY,BRISBANE,PAUL,GUILTY,1893,1-11 MONTHS HL
86348,MALE,LARCENY,TOWNSVILLE,NOEL,GUILTY,1893,1-11 MONTHS HL
86353,MALE,LARCENY,CHARTERS TOWERS,NOEL,GUILTY,1893,12-18 MONTHS HL
86355,MALE,LARCENY,CHARTERS TOWERS,NOEL,GUILTY,1893,SUSPENDED
86476,MALE,LARCENY,BRISBANE,LUTWYCHE,GUILTY,1878,12-18 MONTHS HL
86477,MALE,LARCENY,BRISBANE,LUTWYCHE,GUILTY,1878,12-18 MONTHS HL
86480,MALE,CATTLE STEALING,BRISBANE,LUTWYCHE,GUILTY RECOMMENDED TO MERCY,1878,1-11 MONTHS HL
86484,MALE,HORSE STEALING,BRISBANE,LUTWYCHE,GUILTY,1878,12-18 MONTHS HL
86491,MALE,FALSE PRETENCES,BRISBANE,LUTWYCHE,NOT GUILTY,1878,DISCHARGED
86970,MALE,LARCENY,ROCKHAMPTON,MILLER,GUILTY,1894,2 YEARS HL
86979,MALE,LARCENY,ROCKHAMPTON,MILLER,GUILTY,1894,2 YEARS HL
87189,MALE,LARCENY,ROMA,MILLER,NOLLE,1882,DISCHARGED
87213,MALE,LARCENY,ROCKHAMPTON,MILLER,GUILTY,1894,2 YEARS HL
87219,MALE,LARCENY,BRISBANE,PAUL,GUILTY RECOMMENDED TO MERCY,1894,12-18 MONTHS HL
87807,MALE,LARCENY,BUNDABERG,MILLER,GUILTY,1894,2 YEARS HL
87977,MALE,EMBEZZLEMENT,ROCKHAMPTON,MILLER,GUILTY RECOMMENDED TO MERCY,1883,12-18 MONTHS HL
88011,MALE,LARCENY & RECEIVING,IPSWICH,LUTWYCHE,GUILTY,1879,12-18 MONTHS HL
88044,MALE,LARCENY,IPSWICH,PAUL,GUILTY,1888,SUSPENDED
89886,FEMALE,LARCENY,BRISBANE,LUTWYCHE,NOT GUILTY,1879,DISCHARGED
89887,MALE,LARCENY,BRISBANE,LUTWYCHE,GUILTY,1879,3 YEARS HL
89888,MALE,LARCENY,BRISBANE,LUTWYCHE,GUILTY,1879,3 YEARS HL
89892,MALE,FALSE PRETENCES,BRISBANE,LUTWYCHE,GUILTY,1879,1-11 MONTHS HL
89893,MALE,FORGERY OR UTTERING,BRISBANE,LUTWYCHE,NOT GUILTY,1879,DISCHARGED
89894,MALE,FORGERY OR UTTERING,BRISBANE,LUTWYCHE,GUILTY,1879,2 YEARS HL
89926,FEMALE,LARCENY & RECEIVING,TOOWOOMBA,LUTWYCHE,NOLLE,1879,DISCHARGED
90117,MALE,LARCENY,BRISBANE,LUTWYCHE,GUILTY,1879,12-18 MONTHS HL
90128,MALE,LARCENY & RECEIVING,BRISBANE,LUTWYCHE,GUILTY,1879,1-11 MONTHS HL
90129,MALE,LARCENY & RECEIVING,BRISBANE,LUTWYCHE,NOT GUILTY,1879,DISCHARGED
90145,FEMALE,LARCENY,BRISBANE,LUTWYCHE,GUILTY,1879,2 YEARS HL
90398,MALE,LARCENY,TOOWOOMBA,PAUL,NOT GUILTY,1893,DISCHARGED
91206,MALE,LARCENY,ROCKHAMPTON,MILLER,GUILTY,1884,12-18 MONTHS
92423,MALE,HORSE STEALING,BRISBANE,LUTWYCHE,NOT GUILTY,1859,DISCHARGED
93159,MALE,HORSE STEALING,BRISBANE,LUTWYCHE,NOT GUILTY,1859,DISCHARGED
93167,MALE,LARCENY & RECEIVING,BRISBANE,LUTWYCHE,NOT GUILTY,1859,DISCHARGED
93168,FEMALE,LARCENY & RECEIVING,BRISBANE,LUTWYCHE,NOT GUILTY,1859,DISCHARGED
93290,MALE,FALSE PRETENCES,BRISBANE,LUTWYCHE,NOT GUILTY,1859,DISCHARGED
93315,FEMALE,LARCENY,BRISBANE,LUTWYCHE,GUILTY,1859,12-18 MONTHS HL
93335,MALE,LARCENY,BRISBANE,LUTWYCHE,NOT GUILTY,1859,DISCHARGED
93336,MALE,LARCENY,BRISBANE,LUTWYCHE,NOT GUILTY,1859,DISCHARGED
93386,MALE,LARCENY & RECEIVING,BRISBANE,LUTWYCHE,GUILTY,1859,12-18 MONTHS HL
93391,MALE,LARCENY & RECEIVING,BRISBANE,LUTWYCHE,GUILTY,1859,1-11 MONTHS HL
94342,MALE,LARCENY,MARYBOROUGH,MILLER,GUILTY,1899,SUSPENDED
94344,MALE,LARCENY,BUNDABERG,MILLER,NOT GUILTY,1899,DISCHARGED
94376,MALE,EMBEZZLEMENT,MARYBOROUGH,MILLER,GUILTY,1899,12-18 MONTHS HL
94379,MALE,FALSE PRETENCES,BUNDABERG,MILLER,GUILTY,1899,12-18 MONTHS HL
94388,MALE,LARCENY,BRISBANE,LUTWYCHE,NOT GUILTY,1859,DISCHARGED
94390,MALE,LARCENY,BRISBANE,LUTWYCHE,NOT GUILTY,1859,DISCHARGED
94393,MALE,LARCENY,BRISBANE,LUTWYCHE,NOT GUILTY,1859,DISCHARGED
94395,MALE,LARCENY,BRISBANE,LUTWYCHE,GUILTY,1859,1-11 MONTHS HL
94404,FEMALE,LARCENY,BRISBANE,LUTWYCHE,NOT GUILTY,1859,DISCHARGED
94409,MALE,LARCENY,BRISBANE,NOEL,GUILTY,1899,2 YEARS HL
94412,MALE,FORGERY OR UTTERING,ROMA,PAUL,GUILTY,1899,SUSPENDED
94720,MALE,LARCENY,BRISBANE,LUTWYCHE,GUILTY,1860,5 YEARS HL
94742,MALE,LARCENY & RECEIVING,BRISBANE,LUTWYCHE,GUILTY,1860,12-18 MONTHS HL
94844,MALE,HORSE STEALING,BRISBANE,LUTWYCHE,NOT GUILTY,1860,DISCHARGED
94853,FEMALE,LARCENY,BRISBANE,LUTWYCHE,NOT GUILTY,1860,DISCHARGED
95401,MALE,LARCENY & RECEIVING,BRISBANE,LUTWYCHE,GUILTY,1860,1-11 MONTHS HL
97865,MALE,EMBEZZLEMENT,TOWNSVILLE,NOEL,GUILTY,1892,12-18 MONTHS HL
97866,MALE,LARCENY,BRISBANE,PAUL,GUILTY,1892,12-18 MONTHS HL
97921,MALE,LARCENY,BRISBANE,PAUL,NOT GUILTY,1892,DISCHARGED
97922,MALE,LARCENY,BRISBANE,PAUL,GUILTY,1892,1-11 MONTHS HL
98700,MALE,LARCENY,BRISBANE,COCKLE,NOT GUILTY,1863,DISCHARGED
99379,MALE,LARCENY,BUNDABERG,MILLER,GUILTY,1889,1-11 MONTHS
99464,MALE,HORSE STEALING,TOOWOOMBA,PAUL,GUILTY RECOMMENDED TO MERCY,1880,DISCHARGED
100416,MALE,FORGERY OR UTTERING,BRISBANE,PAUL,GUILTY,1890,12-18 MONTHS HL
101148,MALE,LARCENY,ROMA,PAUL,GUILTY,1889,12-18 MONTHS HL
101149,MALE,CATTLE STEALING,ROMA,PAUL,GUILTY,1889,1-11 MONTHS HL
101289,MALE,EMBEZZLEMENT,ROCKHAMPTON,MILLER,GUILTY,1889,SUSPENDED
101429,FEMALE,LARCENY,TOWNSVILLE,NOEL,GUILTY,1889,SUSPENDED
101669,MALE,EMBEZZLEMENT,MARYBOROUGH,MILLER,GUILTY,1890,SUSPENDED
101755,MALE,CATTLE STEALING,BRISBANE,PAUL,GUILTY,1890,12-18 MONTHS HL
101773,MALE,HORSE STEALING,BUNDABERG,MILLER,GUILTY,1889,3 YEARS HL
101775,MALE,FALSE PRETENCES,BRISBANE,PAUL,GUILTY,1889,1-11 MONTHS HL
101779,MALE,CATTLE STEALING,IPSWICH,PAUL,NOT GUILTY,1889,DISCHARGED
101819,MALE,LARCENY,ROMA,PAUL,NOT GUILTY,1889,DISCHARGED
101857,MALE,FORGERY OR UTTERING,MARYBOROUGH,MILLER,GUILTY,1890,12-18 MONTHS HL
101859,MALE,FORGERY OR UTTERING,MARYBOROUGH,MILLER,GUILTY,1890,12-18 MONTHS HL
101861,MALE,LARCENY & RECEIVING,BRISBANE,PAUL,GUILTY,1890,12-18 MONTHS HL
102196,MALE,FALSE PRETENCES,BRISBANE,LUTWYCHE,GUILTY,1879,1-11 MONTHS HL
102198,MALE,FALSE PRETENCES,BRISBANE,LUTWYCHE,GUILTY,1879,12-18 MONTHS HL
102233,MALE,LARCENY,TOWNSVILLE,NOEL,GUILTY,1889,12-18 MONTHS HL
102340,MALE,HORSE STEALING,ROMA,PAUL,NOT GUILTY,1889,DISCHARGED
102385,MALE,LARCENY,TOWNSVILLE,NOEL,GUILTY,1889,12-18 MONTHS HL
102407,MALE,FALSE PRETENCES,MARYBOROUGH,MILLER,NOT GUILTY,1889,DISCHARGED
103449,MALE,LARCENY & RECEIVING,BRISBANE,LUTWYCHE,NOT GUILTY,1866,DISCHARGED
103454,MALE,HORSE STEALING,BRISBANE,LUTWYCHE,NOT GUILTY,1866,DISCHARGED
103655,MALE,HORSE STEALING,BUNDABERG,MILLER,NOT GUILTY,1898,DISCHARGED
103678,MALE,LARCENY,CHARTERS TOWERS,NOEL,NOLLE,1899,DISCHARGED
103679,MALE,LARCENY,CHARTERS TOWERS,NOEL,NOT GUILTY,1898,DISCHARGED
103686,MALE,LARCENY,BRISBANE,PAUL,GUILTY,1890,12-18 MONTHS HL
103696,FEMALE,LARCENY,BRISBANE,PAUL,NOLLE,1889,DISCHARGED
103697,FEMALE,LARCENY,BRISBANE,PAUL,NOLLE,1889,DISCHARGED
103763,MALE,FALSE PRETENCES,TOWNSVILLE,NOEL,GUILTY,1889,1-11 MONTHS
104204,MALE,LARCENY,BRISBANE,COCKLE,GUILTY,1869,1-11 MONTHS HL
104251,MALE,FALSE PRETENCES,BRISBANE,LUTWYCHE,GUILTY,1868,2 YEARS
105749,MALE,HORSE STEALING,ROMA,PAUL,GUILTY,1889,SUSPENDED
105871,MALE,CATTLE STEALING,BRISBANE,PAUL,GUILTY,1890,12-18 MONTHS HL
105875,MALE,LARCENY,BUNDABERG,MILLER,NOT GUILTY,1891,DISCHARGED
105877,MALE,FORGERY OR UTTERING,ROMA,PAUL,GUILTY,1890,SUSPENDED
105895,MALE,FORGERY OR UTTERING,BRISBANE,PAUL,GUILTY,1890,12-18 MONTHS HL
106969,MALE,EMBEZZLEMENT,BRISBANE,PAUL,NOT GUILTY,1894,DISCHARGED
106970,MALE,LARCENY,TOOWOOMBA,PAUL,GUILTY,1894,SUSPENDED
107007,MALE,LARCENY,BUNDABERG,MILLER,NOT GUILTY,1898,DISCHARGED
107021,MALE,HORSE STEALING,BRISBANE,PAUL,NOT GUILTY,1894,DISCHARGED
107755,MALE,FALSE PRETENCES,BRISBANE,PAUL,GUILTY,1894,SUSPENDED
107762,MALE,LARCENY,BRISBANE,PAUL,GUILTY,1894,12-18 MONTHS HL
108202,MALE,LARCENY,TOWNSVILLE,NOEL,GUILTY,1895,SUSPENDED
108512,MALE,LARCENY,BRISBANE,COCKLE,GUILTY,1876,3 YEARS HL
108567,MALE,LARCENY,CHARTERS TOWERS,NOEL,GUILTY,1895,1-11 MONTHS HL
108582,MALE,FORGERY OR UTTERING,ROMA,PAUL,GUILTY,1890,2 YEARS HL
108584,MALE,LARCENY,BRISBANE,PAUL,GUILTY,1890,12-18 MONTHS HL
108586,MALE,FORGERY OR UTTERING,BRISBANE,PAUL,GUILTY,1890,12-18 MONTHS HL
108621,MALE,LARCENY,BUNDABERG,MILLER,NOT GUILTY,1891,DISCHARGED
108625,MALE,EMBEZZLEMENT,BUNDABERG,MILLER,GUILTY,1895,2 YEARS HL
108626,MALE,FALSE PRETENCES,BUNDABERG,MILLER,GUILTY,1895,12-18 MONTHS HL
109091,MALE,LARCENY,BRISBANE,PAUL,NOT GUILTY,1895,DISCHARGED
109093,MALE,FORGERY OR UTTERING,IPSWICH,PAUL,GUILTY,1895,12-18 MONTHS HL
109333,MALE,LARCENY,BRISBANE,PAUL,GUILTY,1895,1-11 MONTHS HL
110353,FEMALE,LARCENY,BRISBANE,PAUL,GUILTY,1895,12-18 MONTHS HL
110519,MALE,LARCENY,BRISBANE,PAUL,GUILTY,1895,1-11 MONTHS HL
110520,MALE,LARCENY,BRISBANE,PAUL,GUILTY,1895,1-11 MONTHS HL
110530,MALE,LARCENY,BRISBANE,PAUL,GUILTY,1890,12-18 MONTHS HL
110531,MALE,LARCENY,BRISBANE,PAUL,GUILTY,1890,12-18 MONTHS HL
110544,MALE,LARCENY,BRISBANE,PAUL,GUILTY,1895,SUSPENDED
110554,MALE,LARCENY,BRISBANE,PAUL,NOT GUILTY,1890,DISCHARGED
110557,MALE,FALSE PRETENCES,BRISBANE,PAUL,GUILTY,1890,1-11 MONTHS HL
110558,MALE,LARCENY,BRISBANE,PAUL,GUILTY,1890,12-18 MONTHS HL
110559,MALE,LARCENY,BRISBANE,PAUL,NOT GUILTY,1890,DISCHARGED
110560,MALE,LARCENY,BRISBANE,PAUL,GUILTY,1890,12-18 MONTHS HL
110563,MALE,FALSE PRETENCES,ROCKHAMPTON,MILLER,GUILTY,1889,1-11 MONTHS
111290,MALE,FORGERY OR UTTERING,BRISBANE,PAUL,GUILTY,1890,12-18 MONTHS HL
111292,MALE,FORGERY OR UTTERING,BRISBANE,PAUL,NOT GUILTY,1890,DISCHARGED
111293,MALE,FORGERY OR UTTERING,TOOWOOMBA,PAUL,GUILTY,1890,3 YEARS HL
111301,FEMALE,LARCENY,MARYBOROUGH,MILLER,NOT GUILTY,1897,DISCHARGED
111323,MALE,FORGERY OR UTTERING,TOOWOOMBA,PAUL,GUILTY,1890,12-18 MONTHS
111325,MALE,LARCENY,CHARTERS TOWERS,NOEL,GUILTY,1890,12-18 MONTHS
111372,MALE,LARCENY,ROMA,PAUL,GUILTY,1890,SUSPENDED
111373,MALE,CATTLE STEALING,ROMA,PAUL,NOT GUILTY,1891,DISCHARGED
111393,MALE,LARCENY,MARYBOROUGH,MILLER,GUILTY,1896,2 YEARS HL
111535,MALE,LARCENY,ROMA,PAUL,GUILTY,1890,12-18 MONTHS HL
111988,MALE,FALSE PRETENCES,BRISBANE,PAUL,GUILTY,1889,1-11 MONTHS HL
113606,MALE,LARCENY,BUNDABERG,MILLER,GUILTY,1897,12-18 MONTHS HL
115199,MALE,LARCENY,BRISBANE,PAUL,GUILTY,1889,2 YEARS HL
115202,MALE,HORSE STEALING,BRISBANE,PAUL,GUILTY,1889,12-18 MONTHS HL
115217,MALE,LARCENY,ROCKHAMPTON,MILLER,NOT GUILTY,1890,DISCHARGED
115249,MALE,LARCENY,BRISBANE,PAUL,GUILTY,1890,SUSPENDED
115250,MALE,LARCENY,BRISBANE,PAUL,GUILTY,1890,2 YEARS HL
115254,MALE,FALSE PRETENCES,BRISBANE,PAUL,NOT GUILTY,1890,DISCHARGED
115568,MALE,FORGERY OR UTTERING,BRISBANE,PAUL,NOLLE,1897,DISCHARGED
115596,MALE,LARCENY,BRISBANE,PAUL,GUILTY,1890,SUSPENDED
115598,MALE,EMBEZZLEMENT,ROMA,PAUL,GUILTY,1889,12-18 MONTHS HL
115600,MALE,FALSE PRETENCES,ROMA,PAUL,GUILTY,1889,12-18 MONTHS HL
115619,MALE,LARCENY,BRISBANE,PAUL,GUILTY,1890,SUSPENDED
115627,MALE,LARCENY,BRISBANE,PAUL,GUILTY,1890,1-11 MONTHS HL
115643,MALE,FORGERY OR UTTERING,BRISBANE,PAUL,GUILTY,1890,1-11 MONTHS HL
115662,MALE,LARCENY,CHARTERS TOWERS,NOEL,GUILTY,1890,12-18 MONTHS
115725,MALE,LARCENY,BRISBANE,PAUL,GUILTY,1890,2 YEARS HL
115729,MALE,FALSE PRETENCES,ROCKHAMPTON,MILLER,GUILTY,1890,SUSPENDED
115731,MALE,LARCENY,CHARTERS TOWERS,NOEL,NOT GUILTY,1890,DISCHARGED
115736,MALE,LARCENY,MARYBOROUGH,MILLER,GUILTY,1890,12-18 MONTHS HL
115738,MALE,LARCENY,MARYBOROUGH,MILLER,GUILTY,1890,2 YEARS HL
115739,MALE,LARCENY,ROCKHAMPTON,MILLER,GUILTY,1890,1-11 MONTHS HL
115741,MALE,LARCENY,ROCKHAMPTON,MILLER,GUILTY,1890,SUSPENDED
115743,MALE,FALSE PRETENCES,ROCKHAMPTON,MILLER,GUILTY,1890,SUSPENDED
115744,MALE,LARCENY & RECEIVING,ROCKHAMPTON,MILLER,NOT GUILTY,1890,DISCHARGED
115761,MALE,LARCENY,TOWNSVILLE,NOEL,GUILTY,1890,1-11 MONTHS
115763,MALE,LARCENY,TOWNSVILLE,NOEL,GUILTY,1890,3 YEARS HL
115775,MALE,EMBEZZLEMENT,IPSWICH,PAUL,GUILTY,1890,2 YEARS HL
115777,MALE,LARCENY & RECEIVING,BRISBANE,PAUL,GUILTY,1890,2 YEARS HL
115780,MALE,LARCENY,BRISBANE,PAUL,NOT GUILTY,1890,DISCHARGED
115787,FEMALE,LARCENY,BRISBANE,PAUL,GUILTY,1890,1-11 MONTHS HL
115790,MALE,FORGERY OR UTTERING,TOOWOOMBA,PAUL,GUILTY,1890,12-18 MONTHS HL
115840,MALE,FALSE PRETENCES,BRISBANE,PAUL,GUILTY,1890,12-18 MONTHS
115843,MALE,LARCENY,CHARTERS TOWERS,NOEL,GUILTY,1890,SUSPENDED
115846,MALE,CATTLE STEALING,CHARTERS TOWERS,NOEL,NOT GUILTY,1890,DISCHARGED
115850,MALE,LARCENY,MARYBOROUGH,MILLER,GUILTY,1890,12-18 MONTHS HL
115856,MALE,LARCENY,ROCKHAMPTON,MILLER,GUILTY,1890,SUSPENDED
115865,MALE,FORGERY OR UTTERING,ROCKHAMPTON,MILLER,GUILTY,1890,3 YEARS HL
116372,MALE,LARCENY & RECEIVING,BRISBANE,PAUL,NOT GUILTY,1890,DISCHARGED
116556,MALE,LARCENY & RECEIVING,BRISBANE,PAUL,NOT GUILTY,1890,DISCHARGED
118094,MALE,LARCENY,ROCKHAMPTON,COCKLE,GUILTY,1863,12-18 MONTHS HL
118610,MALE,LARCENY,ROCKHAMPTON,MILLER,GUILTY,1897,12-18 MONTHS HL
118611,MALE,FORGERY OR UTTERING,ROCKHAMPTON,MILLER,GUILTY,1897,12-18 MONTHS HL
118612,MALE,FALSE PRETENCES,ROCKHAMPTON,MILLER,GUILTY,1897,12-18 MONTHS HL
118615,MALE,LARCENY,ROCKHAMPTON,MILLER,GUILTY,1897,12-18 MONTHS HL
119500,MALE,LARCENY,ROCKHAMPTON,MILLER,GUILTY,1897,12-18 MONTHS HL
120151,MALE,LARCENY,CHARTERS TOWERS,NOEL,GUILTY,1897,SUSPENDED
120152,MALE,LARCENY,CHARTERS TOWERS,NOEL,NOLLE,1897,DISCHARGED
120158,MALE,HORSE STEALING,CHARTERS TOWERS,NOEL,NOT GUILTY,1897,DISCHARGED
120159,MALE,HORSE STEALING,CHARTERS TOWERS,NOEL,NOT GUILTY,1897,DISCHARGED
121202,MALE,LARCENY,CHARTERS TOWERS,NOEL,GUILTY,1897,SUSPENDED
121203,MALE,LARCENY,CHARTERS TOWERS,NOEL,NOLLE,1897,DISCHARGED
121213,MALE,HORSE STEALING,CHARTERS TOWERS,NOEL,NOT GUILTY,1897,DISCHARGED
121214,MALE,HORSE STEALING,CHARTERS TOWERS,NOEL,NOT GUILTY,1897,DISCHARGED
121287,MALE,FORGERY OR UTTERING,ROCKHAMPTON,COCKLE,GUILTY,1864,12-18 MONTHS HL
121289,MALE,FORGERY OR UTTERING,ROCKHAMPTON,COCKLE,NOT GUILTY,1864,DISCHARGED
121861,MALE,LARCENY & RECEIVING,ROCKHAMPTON,COCKLE,NOT GUILTY,1864,DISCHARGED
121876,MALE,LARCENY & RECEIVING,ROCKHAMPTON,COCKLE,NOT GUILTY,1865,DISCHARGED
122143,MALE,LARCENY & RECEIVING,ROCKHAMPTON,LUTWYCHE,GUILTY,1865,1-11 MONTHS HL
122365,MALE,LARCENY & RECEIVING,ROCKHAMPTON,LUTWYCHE,GUILTY,1865,1-11 MONTHS HL
122396,MALE,LARCENY & RECEIVING,ROCKHAMPTON,LUTWYCHE,NOT GUILTY,1865,DISCHARGED
122426,MALE,LARCENY & RECEIVING,ROCKHAMPTON,LUTWYCHE,NOT GUILTY,1865,DISCHARGED
123053,MALE,FALSE PRETENCES,ROCKHAMPTON,LUTWYCHE,NOT GUILTY,1866,DISCHARGED
123360,MALE,LARCENY & RECEIVING,BRISBANE,LUTWYCHE,GUILTY,1867,2 YEARS HL
124334,MALE,HORSE STEALING,ROCKHAMPTON,LUTWYCHE,GUILTY,1867,12-18 MONTHS HL
124338,MALE,HORSE STEALING,ROCKHAMPTON,LUTWYCHE,NOT GUILTY,1867,DISCHARGED
124343,MALE,HORSE STEALING,ROCKHAMPTON,LUTWYCHE,GUILTY,1867,12-18 MONTHS HL
124344,MALE,HORSE STEALING,ROCKHAMPTON,LUTWYCHE,GUILTY,1867,2 YEARS HL
124479,MALE,FALSE PRETENCES,ROCKHAMPTON,COCKLE,NOLLE,1868,DISCHARGED
125352,MALE,LARCENY & RECEIVING,ROCKHAMPTON,COCKLE,GUILTY,1867,12-18 MONTHS HL
125645,MALE,LARCENY,BRISBANE,PAUL,GUILTY,1889,12-18 MONTHS HL
125667,MALE,LARCENY,BRISBANE,PAUL,GUILTY,1889,12-18 MONTHS HL
125668,MALE,FALSE PRETENCES,BRISBANE,PAUL,NOT GUILTY,1889,DISCHARGED
125669,MALE,HORSE STEALING,BRISBANE,PAUL,GUILTY,1889,2 YEARS HL
125672,MALE,LARCENY,BRISBANE,PAUL,GUILTY,1889,12-18 MONTHS HL
125878,MALE,LARCENY,ROCKHAMPTON,COCKLE,GUILTY,1869,1-11 MONTHS HL
126647,MALE,HORSE STEALING,ROCKHAMPTON,LUTWYCHE,GUILTY,1869,2 YEARS HL
126717,MALE,LARCENY,CHARTERS TOWERS,NOEL,GUILTY RECOMMENDED TO MERCY,1889,1-11 MONTHS HL
126721,MALE,LARCENY,CHARTERS TOWERS,NOEL,NOT GUILTY,1889,DISCHARGED
126724,MALE,FALSE PRETENCES,ROMA,PAUL,GUILTY,1889,2 YEARS HL
126726,FEMALE,LARCENY,BUNDABERG,MILLER,NOLLE,1889,DISCHARGED
126729,MALE,HORSE STEALING,BUNDABERG,MILLER,GUILTY,1889,3 YEARS HL
126743,MALE,LARCENY,BRISBANE,PAUL,GUILTY,1889,12-18 MONTHS HL
126773,FEMALE,LARCENY,BRISBANE,PAUL,NOLLE,1890,DISCHARGED
126774,FEMALE,LARCENY,BRISBANE,PAUL,GUILTY,1890,SUSPENDED
126778,MALE,FORGERY OR UTTERING,BRISBANE,PAUL,NOT GUILTY,1890,DISCHARGED
126947,MALE,EMBEZZLEMENT,BRISBANE,PAUL,GUILTY,1890,12-18 MONTHS HL
127035,MALE,LARCENY,ROCKHAMPTON,MILLER,GUILTY,1894,2 YEARS HL
127062,MALE,LARCENY,MARYBOROUGH,MILLER,GUILTY,1894,1-11 MONTHS
127063,MALE,LARCENY,MARYBOROUGH,MILLER,GUILTY,1894,1-11 MONTHS
127078,FEMALE,LARCENY,BRISBANE,PAUL,GUILTY,1894,1-11 MONTHS HL
127080,MALE,LARCENY,BRISBANE,PAUL,GUILTY,1894,2 YEARS HL
127746,MALE,HORSE STEALING,ROCKHAMPTON,MILLER,GUILTY,1894,1-11 MONTHS HL
127747,MALE,HORSE STEALING,ROCKHAMPTON,MILLER,GUILTY,1894,1-11 MONTHS HL
128743,MALE,LARCENY & RECEIVING,ROCKHAMPTON,LUTWYCHE,GUILTY,1876,1-11 MONTHS HL
128898,MALE,LARCENY,ROCKHAMPTON,MILLER,NOT GUILTY,1894,DISCHARGED
128906,MALE,CATTLE STEALING,ROCKHAMPTON,MILLER,NOT GUILTY,1894,DISCHARGED
128981,MALE,LARCENY,BRISBANE,PAUL,GUILTY,1898,12-18 MONTHS HL
129170,MALE,FORGERY OR UTTERING,MARYBOROUGH,MILLER,GUILTY,1894,3 YEARS HL
129208,MALE,EMBEZZLEMENT,BRISBANE,NOEL,NOT GUILTY,1899,DISCHARGED
129212,MALE,HORSE STEALING,ROMA,PAUL,GUILTY,1899,SUSPENDED
129213,MALE,LARCENY,MARYBOROUGH,MILLER,GUILTY,1899,SUSPENDED
129217,MALE,FORGERY OR UTTERING,MARYBOROUGH,MILLER,GUILTY,1899,SUSPENDED
129218,MALE,LARCENY,BRISBANE,NOEL,GUILTY,1899,SUSPENDED
129221,MALE,EMBEZZLEMENT,MARYBOROUGH,MILLER,GUILTY,1899,SUSPENDED
129522,MALE,LARCENY,ROMA,PAUL,GUILTY,1889,12-18 MONTHS HL
137047,MALE,LARCENY,ROCKHAMPTON,MILLER,GUILTY,1894,12-18 MONTHS HL
137050,MALE,FALSE PRETENCES,ROCKHAMPTON,MILLER,GUILTY,1894,2 YEARS HL
253634,MALE,HORSE STEALING,ROCKHAMPTON,LUTWYCHE,GUILTY,1865,5 YEARS HL
255593,MALE,FORGERY OR UTTERING,TOWNSVILLE,NOEL,GUILTY,1889,1-11 MONTHS
255594,MALE,EMBEZZLEMENT,TOWNSVILLE,NOEL,NOT GUILTY,1889,DISCHARGED
255595,MALE,EMBEZZLEMENT,TOWNSVILLE,NOEL,GUILTY,1889,12-18 MONTHS HL
255596,MALE,FALSE PRETENCES,TOWNSVILLE,NOEL,NOT GUILTY,1889,DISCHARGED
255597,MALE,FORGERY OR UTTERING,TOWNSVILLE,NOEL,NOT GUILTY,1889,DISCHARGED
255598,MALE,FORGERY OR UTTERING,TOWNSVILLE,NOEL,GUILTY,1889,12-18 MONTHS HL
258842,MALE,LARCENY,BRISBANE,LUTWYCHE,GUILTY,1869,5 YEARS HL
265172,MALE,LARCENY,TOWNSVILLE,NOEL,NOT GUILTY,1888,DISCHARGED
265174,MALE,LARCENY,TOWNSVILLE,NOEL,GUILTY RECOMMENDED TO MERCY,1888,2 YEARS HL
265178,MALE,LARCENY,TOWNSVILLE,NOEL,GUILTY,1888,SUSPENDED
265179,MALE,LARCENY,TOWNSVILLE,NOEL,GUILTY,1888,1-11 MONTHS
265913,MALE,FALSE PRETENCES,BRISBANE,PAUL,GUILTY,1890,1-11 MONTHS HL
266110,MALE,LARCENY,BRISBANE,COCKLE,GUILTY,1872,1-11 MONTHS HL
266386,MALE,LARCENY,BRISBANE,PAUL,NOT GUILTY,1892,DISCHARGED
267003,MALE,LARCENY,ROMA,MILLER,NOLLE,1894,DISCHARGED
274098,MALE,LARCENY,TOWNSVILLE,NOEL,NOT GUILTY,1896,DISCHARGED
274978,MALE,FALSE PRETENCES,TOOWOOMBA,PAUL,GUILTY,1895,SUSPENDED
274989,MALE,LARCENY,IPSWICH,PAUL,NOT GUILTY,1895,DISCHARGED
279216,MALE,LARCENY,IPSWICH,PAUL,GUILTY,1896,DISCHARGED
279217,MALE,LARCENY,IPSWICH,PAUL,GUILTY,1896,DISCHARGED
280720,FEMALE,LARCENY & RECEIVING,BRISBANE,PAUL,GUILTY,1896,SUSPENDED
280723,MALE,LARCENY & RECEIVING,BRISBANE,PAUL,GUILTY RECOMMENDED TO MERCY,1896,SUSPENDED
280727,MALE,LARCENY,ROCKHAMPTON,MILLER,NOT GUILTY,1896,DISCHARGED
280728,MALE,LARCENY,ROCKHAMPTON,MILLER,NOT GUILTY,1896,DISCHARGED
280736,MALE,LARCENY,TOWNSVILLE,NOEL,GUILTY,1896,12-18 MONTHS HL
280750,MALE,LARCENY,ROCKHAMPTON,MILLER,GUILTY,1897,1-11 MONTHS HL
280756,MALE,EMBEZZLEMENT,BRISBANE,PAUL,GUILTY,1897,SUSPENDED
280763,MALE,HORSE STEALING,ROCKHAMPTON,MILLER,NOT GUILTY,1897,DISCHARGED
280793,MALE,LARCENY,CHARTERS TOWERS,NOEL,GUILTY RECOMMENDED TO MERCY,1897,3 YEARS HL
281736,MALE,LARCENY,BUNDABERG,MILLER,GUILTY,1897,SUSPENDED
281737,MALE,HORSE STEALING,BUNDABERG,MILLER,GUILTY,1897,SUSPENDED
281739,MALE,HORSE STEALING,BUNDABERG,MILLER,GUILTY,1897,SUSPENDED
281750,MALE,LARCENY,BRISBANE,PAUL,GUILTY,1897,SUSPENDED
281751,MALE,LARCENY,BRISBANE,PAUL,GUILTY,1897,SUSPENDED
281753,MALE,LARCENY,BRISBANE,PAUL,GUILTY,1897,SUSPENDED
281754,MALE,LARCENY,ROCKHAMPTON,MILLER,GUILTY,1897,2 YEARS HL
283119,MALE,LARCENY,CHARTERS TOWERS,NOEL,NOT GUILTY,1898,DISCHARGED
283143,MALE,LARCENY,CHARTERS TOWERS,NOEL,NOT GUILTY,1898,DISCHARGED
283148,MALE,LARCENY,IPSWICH,PAUL,NOT GUILTY,1898,DISCHARGED
283194,MALE,LARCENY,BRISBANE,PAUL,GUILTY RECOMMENDED TO MERCY,1898,SUSPENDED
283482,MALE,LARCENY,ROCKHAMPTON,MILLER,NOT GUILTY,1898,DISCHARGED
283487,MALE,LARCENY,BRISBANE,PAUL,GUILTY,1898,12-18 MONTHS HL
283525,MALE,HORSE STEALING,ROMA,PAUL,GUILTY,1898,SUSPENDED
283719,MALE,EMBEZZLEMENT,TOWNSVILLE,NOEL,GUILTY,1898,SUSPENDED
283732,MALE,LARCENY,CHARTERS TOWERS,NOEL,GUILTY,1898,SUSPENDED
284305,MALE,LARCENY,BUNDABERG,MILLER,NOT GUILTY,1899,DISCHARGED
284340,MALE,FALSE PRETENCES,ROCKHAMPTON,MILLER,GUILTY,1899,SUSPENDED
284345,MALE,LARCENY,BRISBANE,NOEL,NOLLE,1899,DISCHARGED
284346,FEMALE,LARCENY,BRISBANE,NOEL,GUILTY,1899,SUSPENDED
284358,MALE,FORGERY OR UTTERING,BRISBANE,NOEL,GUILTY,1899,3 YEARS HL
284361,MALE,LARCENY,ROMA,NOEL,GUILTY,1899,1-11 MONTHS
284363,MALE,LARCENY,BRISBANE,NOEL,GUILTY,1899,3 YEARS HL
284524,MALE,LARCENY,BRISBANE,NOEL,GUILTY,1899,SUSPENDED
284537,MALE,LARCENY,TOWNSVILLE,PAUL,GUILTY,1899,1-11 MONTHS HL
284543,MALE,LARCENY,TOWNSVILLE,PAUL,GUILTY,1899,12-18 MONTHS HL
284544,MALE,FORGERY OR UTTERING,BRISBANE,NOEL,GUILTY,1899,5 YEARS HL
284556,MALE,LARCENY,MARYBOROUGH,MILLER,NOT GUILTY,1899,DISCHARGED
284559,MALE,LARCENY,ROCKHAMPTON,MILLER,NOT GUILTY,1899,DISCHARGED
284694,MALE,FALSE PRETENCES,TOWNSVILLE,PAUL,GUILTY,1899,1-11 MONTHS HL
284696,MALE,LARCENY,TOWNSVILLE,PAUL,GUILTY,1899,12-18 MONTHS HL
285435,MALE,EMBEZZLEMENT,TOWNSVILLE,PAUL,GUILTY,1899,12-18 MONTHS HL
287470,MALE,LARCENY,BRISBANE,PAUL,NOLLE,1895,DISCHARGED
287993,MALE,EMBEZZLEMENT,ROCKHAMPTON,MILLER,GUILTY,1895,12-18 MONTHS HL
288008,MALE,EMBEZZLEMENT,ROCKHAMPTON,MILLER,GUILTY,1895,12-18 MONTHS HL
288012,MALE,LARCENY,ROCKHAMPTON,MILLER,GUILTY,1895,12-18 MONTHS HL
288214,MALE,LARCENY,MARYBOROUGH,MILLER,NOT GUILTY,1895,DISCHARGED
288257,MALE,LARCENY,MARYBOROUGH,MILLER,NOT GUILTY,1895,DISCHARGED
288285,MALE,EMBEZZLEMENT,ROMA,PAUL,GUILTY,1895,1-11 MONTHS HL
288294,MALE,LARCENY,MARYBOROUGH,MILLER,GUILTY,1895,1-11 MONTHS HL
288295,MALE,HORSE STEALING,MARYBOROUGH,MILLER,NOT GUILTY,1895,DISCHARGED
288329,MALE,LARCENY,TOWNSVILLE,NOEL,NOT GUILTY,1895,DISCHARGED
288330,FEMALE,LARCENY,TOWNSVILLE,NOEL,NOT GUILTY,1895,DISCHARGED
288340,MALE,EMBEZZLEMENT,ROCKHAMPTON,MILLER,GUILTY,1895,12-18 MONTHS HL
288344,MALE,LARCENY,BUNDABERG,MILLER,GUILTY,1897,SUSPENDED
288345,MALE,LARCENY,BUNDABERG,MILLER,NOT GUILTY,1897,DISCHARGED
288355,MALE,LARCENY,MARYBOROUGH,MILLER,GUILTY,1897,1-11 MONTHS HL
288357,MALE,LARCENY,MARYBOROUGH,MILLER,GUILTY,1897,1-11 MONTHS HL
288379,MALE,LARCENY,BRISBANE,PAUL,GUILTY,1897,SUSPENDED
288380,MALE,FORGERY OR UTTERING,BRISBANE,PAUL,GUILTY,1897,12-18 MONTHS HL
288382,MALE,LARCENY,TOWNSVILLE,NOEL,GUILTY,1897,SUSPENDED
288384,MALE,LARCENY,TOWNSVILLE,NOEL,GUILTY,1897,2 YEARS HL
288388,FEMALE,FORGERY OR UTTERING,ROCKHAMPTON,MILLER,GUILTY,1897,SUSPENDED
288411,MALE,CATTLE STEALING,TOWNSVILLE,NOEL,NOT GUILTY,1897,DISCHARGED
288495,MALE,LARCENY,ROCKHAMPTON,MILLER,GUILTY,1897,1-11 MONTHS HL
288700,MALE,FALSE PRETENCES,MARYBOROUGH,MILLER,GUILTY,1897,SUSPENDED
288964,MALE,CATTLE STEALING,BUNDABERG,MILLER,NOT GUILTY,1897,DISCHARGED
288968,MALE,CATTLE STEALING,BUNDABERG,MILLER,NOT GUILTY,1897,DISCHARGED
288969,MALE,CATTLE STEALING,BUNDABERG,MILLER,NOT GUILTY,1897,DISCHARGED
288970,FEMALE,LARCENY,BRISBANE,PAUL,NOT GUILTY,1897,DISCHARGED
288983,MALE,LARCENY,BRISBANE,PAUL,NOT GUILTY,1897,DISCHARGED
290415,MALE,FORGERY OR UTTERING,BRISBANE,PAUL,GUILTY,1897,1-11 MONTHS HL
290511,MALE,LARCENY,BRISBANE,PAUL,NOT GUILTY,1897,DISCHARGED
290513,MALE,FALSE PRETENCES,BRISBANE,PAUL,GUILTY,1897,12-18 MONTHS HL
290632,MALE,LARCENY,BRISBANE,PAUL,GUILTY,1897,1-11 MONTHS HL
290634,MALE,LARCENY,BRISBANE,PAUL,GUILTY,1897,1-11 MONTHS HL
291501,MALE,FORGERY OR UTTERING,ROMA,PAUL,GUILTY,1895,SUSPENDED
293512,MALE,HORSE STEALING,ROMA,PAUL,GUILTY,1895,3 YEARS HL
293513,MALE,HORSE STEALING,ROMA,PAUL,GUILTY,1895,2 YEARS
293514,MALE,CATTLE STEALING,IPSWICH,PAUL,GUILTY,1895,12-18 MONTHS HL
293520,MALE,FALSE PRETENCES,ROCKHAMPTON,MILLER,GUILTY,1897,SUSPENDED
293521,MALE,LARCENY,ROCKHAMPTON,MILLER,NOT GUILTY,1897,DISCHARGED
293522,MALE,LARCENY,ROCKHAMPTON,MILLER,GUILTY,1897,3 YEARS HL
