"Squirrel Census data collected by a team of dedicated volunteer Squirrel Surveyors, under directions from the Dept. of Data - NYC.",,,,,,,,,,,,
The Squirrel Census covered 24 parks in New York City.,,,,,,,,,,,,
Data was collected over a 1 year period; March 2020 to Febuary 2021.,,,,,,,,,,,,
,,,,,,,,,,,,
Area,Park name,Park ID,Date,Squirrel ID,Squirrel count,Fur colour,Location,Activities; Interactions with Humans,Other Notes or Observations,Latitude,Longitude,Acres
UPPER MANHATTAN,Fort Tryon Park,M029,28/03/2020,M029-01,1,Gray; White,On ground,Foraging; Indifferent to humans,,40.85941,-73.933936,67.213
UPPER MANHATTAN,Fort Tryon Park,M029,28/03/2020,M029-02,1,Gray; White,On ground,Foraging; Indifferent to humans,Looks skinny,40.859436,-73.933937,67.213
UPPER MANHATTAN,Fort Tryon Park,M029,28/03/2020,M029-03,1,Gray; White,On ground,"Eating, Digging something; Indifferent to humans",,40.859416,-73.933894,67.213
UPPER MANHATTAN,Fort Tryon Park,M029,28/03/2020,M029-04,1,Gray; White,On ground,Running; Indifferent to humans,,40.859418,-73.933895,67.213
UPPER MANHATTAN,Fort Tryon Park,M029,28/03/2020,M029-05,1,Gray; Cinnamon,On ground,"Running, Eating; Indifferent to humans",She left food,40.859493,-73.93359,67.213
UPPER MANHATTAN,Fort Tryon Park,M029,28/03/2020,M029-06,1,Gray; Cinnamon,On ground,Climbing; Indifferent to humans,,40.860825,-73.932871,67.213
UPPER MANHATTAN,Fort Tryon Park,M029,28/03/2020,M029-07,1,Gray; White,On ground,Foraging; Indifferent to humans,,40.860225,-73.933143,67.213
UPPER MANHATTAN,Fort Tryon Park,M029,28/03/2020,M029-08,1,Black; Gray,Above Ground,Climbing; Runs from humans,,40.859965,-73.933412,67.213
UPPER MANHATTAN,Fort Tryon Park,M029,28/03/2020,M029-09,1,Gray; White,On ground,Foraging; Indifferent to humans,,40.859892,-73.933326,67.213
UPPER MANHATTAN,Fort Tryon Park,M029,28/03/2020,M029-10,1,Gray; White,On ground,"Eating, Digging; Indifferent to humans",,40.859636,-73.933717,67.213
UPPER MANHATTAN,Fort Tryon Park,M029,28/03/2020,M029-11,1,Gray; Black,On ground,"Eating, Digging; Indifferent to humans",was intimidated by a dog,40.859576,-73.933738,67.213
UPPER MANHATTAN,Fort Tryon Park,M029,28/03/2020,M029-12,1,Gray; White,On ground,Running; Runs from humans,,40.859989,-73.934544,67.213
UPPER MANHATTAN,J. Hood Wright Park,M099,3/10/2020,M099-01,1,Gray,On ground,Running; Indifferent to humans,,40.845749,-73.9407,6.699
UPPER MANHATTAN,J. Hood Wright Park,M099,3/10/2020,M099-02,1,Gray; Cinnamon,Above Ground,Foraging; Indifferent to humans,,40.845875,-73.940808,6.699
UPPER MANHATTAN,J. Hood Wright Park,M099,3/10/2020,M099-03,1,Gray; Cinnamon,On ground,Foraging,,40.845875,-73.940808,6.699
UPPER MANHATTAN,J. Hood Wright Park,M099,3/10/2020,M099-04,1,Gray; Cinnamon,On ground,Running; Indifferent to humans,,40.846088,-73.940613,6.699
UPPER MANHATTAN,J. Hood Wright Park,M099,3/10/2020,M099-05,1,Gray; Cinnamon,On ground,Running; Runs from humans,,40.846088,-73.940613,6.699
UPPER MANHATTAN,J. Hood Wright Park,M099,3/10/2020,M099-06,1,Gray; Cinnamon,On ground,Foraging; Indifferent to humans,,40.846088,-73.940613,6.699
UPPER MANHATTAN,J. Hood Wright Park,M099,3/10/2020,M099-07,1,Gray,On ground,Runs from humans,,40.846222,-73.94094,6.699
UPPER MANHATTAN,J. Hood Wright Park,M099,3/10/2020,M099-08,1,Gray; Cinnamon,On ground,"Foraging, Nesting/gathering leaves; Indifferent to humans",,40.846222,-73.94094,6.699
UPPER MANHATTAN,J. Hood Wright Park,M099,3/10/2020,M099-09,1,Gray; Cinnamon,On ground,Chasing; Indifferent to humans,,40.846197,-73.941026,6.699
UPPER MANHATTAN,J. Hood Wright Park,M099,3/10/2020,M099-10,1,Gray; Cinnamon,On ground,Running; Indifferent to humans,,40.846185,-73.940613,6.699
UPPER MANHATTAN,J. Hood Wright Park,M099,3/10/2020,M099-11,1,Gray; Cinnamon,On ground,Eating; Runs from humans,,40.846271,-73.940579,6.699
UPPER MANHATTAN,J. Hood Wright Park,M099,3/10/2020,M099-12,1,Gray; Cinnamon,"Above Ground, Specific Location: tree",Climbing; Indifferent to humans,,40.846332,-73.940369,6.699
UPPER MANHATTAN,J. Hood Wright Park,M099,3/10/2020,M099-13,1,Gray; White,"Above Ground, Specific Location: tree",Sleeping; Indifferent to humans,,40.846332,-73.940369,6.699
UPPER MANHATTAN,J. Hood Wright Park,M099,3/10/2020,M099-14,1,Gray,On ground,Running; Indifferent to humans,,40.846332,-73.940369,6.699
UPPER MANHATTAN,J. Hood Wright Park,M099,3/10/2020,M099-15,1,Gray; White,On ground,Running; Indifferent to humans,,40.846458,-73.94103,6.699
UPPER MANHATTAN,J. Hood Wright Park,M099,3/10/2020,M099-16,1,Gray; Cinnamon,"Above Ground, Specific Location: tree",Eating; Indifferent to humans,,40.846417,-73.941115,6.699
UPPER MANHATTAN,J. Hood Wright Park,M099,3/10/2020,M099-17,1,Gray,On ground,Running; Indifferent to humans,,40.846296,-73.941132,6.699
UPPER MANHATTAN,J. Hood Wright Park,M099,3/10/2020,M099-18,1,Gray; Cinnamon,On ground,Foraging; Indifferent to humans,,40.846064,-73.941497,6.699
UPPER MANHATTAN,J. Hood Wright Park,M099,3/10/2020,M099-19,1,Gray; Cinnamon,"Above Ground, Specific Location: tree",Climbing; Indifferent to humans,,40.846065,-73.941498,6.699
UPPER MANHATTAN,J. Hood Wright Park,M099,3/10/2020,M099-20,1,Gray; Cinnamon,On ground,Foraging; Indifferent to humans,,40.847296,-73.942061,6.699
UPPER MANHATTAN,J. Hood Wright Park,M099,3/10/2020,M099-21,1,Gray; Cinnamon,On ground,Foraging; Runs from humans,,40.847259,-73.941598,6.699
UPPER MANHATTAN,J. Hood Wright Park,M099,3/10/2020,M099-22,1,Gray; Cinnamon,On ground,Foraging; Indifferent to humans,,40.84719,-73.941308,6.699
UPPER MANHATTAN,J. Hood Wright Park,M099,3/10/2020,M099-23,1,Gray; Cinnamon,"Above Ground, Specific Location: fence",Eating; Indifferent to humans,,40.84719,-73.941308,6.699
UPPER MANHATTAN,J. Hood Wright Park,M099,3/10/2020,M099-24,1,Cinnamon; White,"Above Ground, Specific Location: tree",Sitting; Indifferent to humans,,40.847113,-73.940937,6.699
UPPER MANHATTAN,Highbridge Park,M037,27/02/2021,M037-01,1,Gray; Cinnamon,"Above Ground, Specific Location: in tree","Chasing, Climbing; Watches us from tree",#1 and #2 chasing each other,40.841178,-73.935482,130.1
UPPER MANHATTAN,Highbridge Park,M037,27/02/2021,M037-02,1,Gray; White,"Above Ground, Specific Location: in tree","Chasing, Climbing, Eating; Runs from humans",#1 and #2 chasing each other,40.841204,-73.935434,130.1
UPPER MANHATTAN,Highbridge Park,M037,27/02/2021,M037-03,1,Gray; White,"Above Ground, Specific Location: in tree",Running,,40.841212,-73.934827,130.1
UPPER MANHATTAN,Highbridge Park,M037,27/02/2021,M037-04,1,Gray; White,Above Ground,Climbing,,40.841217,-73.934714,130.1
UPPER MANHATTAN,Highbridge Park,M037,27/02/2021,M037-05,1,Gray; Cinnamon,On ground,Running; Runs from humans,"#5, #6 & #7 together in shrub area to East, a lot of acorns and Corona bottle caps on ground",40.841359,-73.934339,130.1
UPPER MANHATTAN,Highbridge Park,M037,27/02/2021,M037-06,1,Gray,"Above Ground, Specific Location: in tree","Running; Runs from humans, watchful","#5, #6 & #7 together in shrub area to East, a lot of acorns and Corona bottle caps on ground",40.841375,-73.934242,130.1
UPPER MANHATTAN,Highbridge Park,M037,27/02/2021,M037-07,1,Gray; Cinnamon,"Above Ground, Specific Location: on log",Running; Runs from humans,"#5, #6 & #7 together in shrub area to East, a lot of acorns and Corona bottle caps on ground",40.841375,-73.934242,130.1
UPPER MANHATTAN,Highbridge Park,M037,27/02/2021,M037-08,1,Gray; Cinnamon,"Above Ground, Specific Location: in wall","Running, Chasing, Climbing; Runs from humans","#8 & #9 saw together at start of river overlook, hiding in cracks of cement wall! so cool!",40.842308,-73.933061,130.1
UPPER MANHATTAN,Highbridge Park,M037,27/02/2021,M037-09,1,Gray; Cinnamon,"Above Ground, Specific Location: in wall",,"#8 & #9 saw together at start of river overlook, hiding in cracks of cement wall! so cool!",40.842401,-73.932986,130.1
UPPER MANHATTAN,Highbridge Park,M037,27/02/2021,M037-10,1,Gray; Cinnamon,"On ground, Above Ground, Specific Location: Started on ground, climbed 6' ft.","Climbing, Foraging; Watching us from tree - very interested in us","Lots of garbage, near #8 & #9",40.842511,-73.932916,130.1
UPPER MANHATTAN,Highbridge Park,M037,27/02/2021,M037-11,1,Gray; Cinnamon,Above Ground,"Vocalization at us; Approaches humans, watching us",,40.842673,-73.932793,130.1
UPPER MANHATTAN,Highbridge Park,M037,27/02/2021,M037-12,1,Gray; White,On ground,"Running, Foraging; Runs from humans",,40.842795,-73.933002,130.1
UPPER MANHATTAN,Highbridge Park,M037,27/02/2021,M037-13,1,Gray; Cinnamon,On ground,Running,,,,130.1
UPPER MANHATTAN,Highbridge Park,M037,27/02/2021,M037-14,1,Gray; Cinnamon,On ground,"Running, Eating; Runs from humans, watches us in short tree",Loud sparrows in tree,40.842327,-73.934269,130.1
UPPER MANHATTAN,Highbridge Park,M037,27/02/2021,M037-15,1,Gray; Cinnamon,"Above Ground, Specific Location: in tree",Jumped to building,,40.842359,-73.934177,130.1
UPPER MANHATTAN,Highbridge Park,M037,27/02/2021,M037-16,1,Gray; Cinnamon,On ground,"Eating, Foraging; Indifferent to humans",,40.842769,-73.934478,130.1
UPPER MANHATTAN,St. Nicholas Park,M077,25/04/2020,M077-01,1,Gray; White,Above Ground,Climbing; Indifferent to humans,Jumping between,40.817593,-73.948855,22.74
UPPER MANHATTAN,St. Nicholas Park,M077,25/04/2020,M077-02,1,Black; Black,On ground,Foraging; Indifferent to humans,Chasing #3,40.817719,-73.948855,22.74
UPPER MANHATTAN,St. Nicholas Park,M077,25/04/2020,M077-03,1,Gray; White,On ground,Eating; Indifferent to humans,Being chased by #2,40.817719,-73.948914,22.74
UPPER MANHATTAN,St. Nicholas Park,M077,25/04/2020,M077-04,1,Gray; White,On ground,Foraging; Indifferent to humans,,40.817711,-73.949118,22.74
UPPER MANHATTAN,St. Nicholas Park,M077,25/04/2020,M077-05,1,Gray; White,On ground,"Climbing, Eating; Indifferent to humans",,40.817569,-73.948931,22.74
UPPER MANHATTAN,St. Nicholas Park,M077,25/04/2020,M077-06,1,Gray,Above Ground,"Chasing, Climbing; Indifferent to humans",,40.817544,-73.949016,22.74
UPPER MANHATTAN,St. Nicholas Park,M077,25/04/2020,M077-07,1,Gray,Above Ground,"Chasing, Climbing; Indifferent to humans",,40.817544,-73.949016,22.74
UPPER MANHATTAN,St. Nicholas Park,M077,25/04/2020,M077-08,1,Gray; White,On ground,Running; Runs from humans,,40.817479,-73.949006,22.74
UPPER MANHATTAN,St. Nicholas Park,M077,25/04/2020,M077-09,1,Gray; White,On ground,Foraging; Indifferent to humans,Wooded area,40.816685,-73.949689,22.74
UPPER MANHATTAN,St. Nicholas Park,M077,25/04/2020,M077-10,1,Gray,On ground,Foraging; Indifferent to humans,Wooded area,40.816677,-73.949549,22.74
UPPER MANHATTAN,St. Nicholas Park,M077,25/04/2020,M077-11,1,Black; Black,On ground,Foraging; Indifferent to humans,Wooded area,40.816555,-73.949609,22.74
UPPER MANHATTAN,St. Nicholas Park,M077,25/04/2020,M077-12,1,Gray; White,On ground,Foraging; Indifferent to humans,Wooded area - would look but not fully approach,40.816506,-73.949587,22.74
UPPER MANHATTAN,St. Nicholas Park,M077,25/04/2020,M077-13,1,Gray; White,On ground,Running; Indifferent to humans,,40.816425,-73.949474,22.74
UPPER MANHATTAN,St. Nicholas Park,M077,25/04/2020,M077-14,1,Gray,On ground,Foraging; Indifferent to humans,,40.818308,-73.948952,22.74
UPPER MANHATTAN,St. Nicholas Park,M077,25/04/2020,M077-15,1,Gray; Black,On ground,Foraging; Indifferent to humans,,40.818263,-73.948909,22.74
UPPER MANHATTAN,Riverside Park (Section Near Grant Memorial),M071,16/05/2020,M071-01,1,Gray,On ground,"Running, up tree; Runs from humans",,,,253.168
UPPER MANHATTAN,Riverside Park (Section Near Grant Memorial),M071,16/05/2020,M071-02,1,Gray,On ground,"Running, up tree; Runs from humans",,,,253.168
UPPER MANHATTAN,Riverside Park (section near Grant Memorial),M071,16/05/2020,M071-03,1,Gray,On ground,"Running, up tree; Indifferent to humans",,,,253.168
UPPER MANHATTAN,Riverside Park (section near Grant Memorial),M071,16/05/2020,M071-04,1,Gray,On ground,Chasing; Indifferent to humans,,,,253.168
UPPER MANHATTAN,Riverside Park (section near Grant Memorial),M071,16/05/2020,M071-05,1,Gray,On ground,Chasing,,,,253.168
UPPER MANHATTAN,Riverside Park (section near Grant Memorial),M071,16/05/2020,M071-06,1,Gray,Above Ground,Sitting on branch; Indifferent to humans,,,,253.168
UPPER MANHATTAN,Riverside Park (section near Grant Memorial),M071,16/05/2020,M071-07,1,Gray,On ground,"Running, up tree; Indifferent to humans",Forever wild section,,,253.168
UPPER MANHATTAN,Riverside Park (Section Near Grant Memorial),M071,16/05/2020,M071-08,1,Gray,On ground,Eating; Indifferent to humans,,,,253.168
UPPER MANHATTAN,Riverside Park (Section Near Grant Memorial),M071,16/05/2020,M071-09,1,Gray,On ground,Eating; Indifferent to humans,,,,253.168
UPPER MANHATTAN,Riverside Park (section near Grant Memorial),M071,16/05/2020,M071-10,1,Gray,On ground,Eating; Indifferent to humans,,,,253.168
UPPER MANHATTAN,Riverside Park; Grant Memorial,M071,16/05/2020,M071-11,1,Gray,On ground,Eating; Indifferent to humans,,,,253.168
UPPER MANHATTAN,Riverside Park (Section Near Grant Memorial),M071,16/05/2020,M071-12,1,Gray,On ground,Eating; Indifferent to humans,,,,253.168
UPPER MANHATTAN,Riverside Park (section near Grant Memorial),M071,16/05/2020,M071-13,1,Gray,On ground,Eating; Indifferent to humans,,,,253.168
UPPER MANHATTAN,Riverside Park (section near Grant Memorial),M071,16/05/2020,M071-14,1,Gray,On ground,Eating; Indifferent to humans,,,,253.168
UPPER MANHATTAN,Riverside Park; Grant Memorial,M071,16/05/2020,M071-15,1,Gray,On ground,Chasing; Indifferent to humans,,,,253.168
UPPER MANHATTAN,Riverside Park (Section Near Grant Memorial),M071,16/05/2020,M071-16,1,Gray,On ground,Chasing; Indifferent to humans,,,,253.168
UPPER MANHATTAN,Riverside Park (section near Grant Memorial),M071,16/05/2020,M071-17,1,Gray,On ground,Eating; Okay with people,,,,253.168
UPPER MANHATTAN,Riverside Park (section near Grant Memorial),M071,16/05/2020,M071-18,1,Gray,On ground,Running; Indifferent to humans,,,,253.168
UPPER MANHATTAN,Riverside Park (section near Grant Memorial),M071,16/05/2020,M071-19,1,Gray,"Above Ground, Specific Location: Tree",Running; Indifferent to humans,,,,253.168
UPPER MANHATTAN,Riverside Park (Section Near Grant Memorial),M071,16/05/2020,M071-20,1,Gray,On ground,Running; Indifferent to humans,,,,253.168
UPPER MANHATTAN,Riverside Park; Grant Memorial,M071,16/05/2020,M071-21,1,Gray,"On ground, Specific Location: at tree",Indifferent to humans,,,,253.168
UPPER MANHATTAN,Riverside Park (Section Near Grant Memorial),M071,16/05/2020,M071-22,1,Gray,On ground,Chasing,,,,253.168
UPPER MANHATTAN,Riverside Park (section near Grant Memorial),M071,16/05/2020,M071-23,1,Gray,On ground,Chasing,,,,253.168
UPPER MANHATTAN,Riverside Park (Section Near Grant Memorial),M071,16/05/2020,M071-24,1,Gray,,Sitting at attention,,,,253.168
UPPER MANHATTAN,Riverside Park; Grant Memorial,M071,16/05/2020,M071-25,1,Gray,On ground,Eating; Indifferent to humans,,,,253.168
UPPER MANHATTAN,Riverside Park (section near Grant Memorial),M071,16/05/2020,M071-26,1,Gray,On ground,Eating; Indifferent to humans,,,,253.168
UPPER MANHATTAN,Riverside Park; Grant Memorial,M071,16/05/2020,M071-27,1,Gray,On ground,Foraging; Indifferent to humans,,,,253.168
UPPER MANHATTAN,Riverside Park (section near Grant Memorial),M071,16/05/2020,M071-28,1,Gray,On ground,Foraging; Indifferent to humans,,,,253.168
UPPER MANHATTAN,Marcus Garvey Park,M058,13/06/2020,M058-01,1,Gray,Above Ground,Climbing; Indifferent to humans,HAWK. HAAAAAWK. All in 1 tree.,40.804912,-73.943735,20.165
UPPER MANHATTAN,Marcus Garvey Park,M058,13/06/2020,M058-02,1,Gray,Above Ground,Climbing; Indifferent to humans,HAWK. HAAAAAWK. All in 1 tree.,40.804912,-73.943736,20.165
UPPER MANHATTAN,Marcus Garvey Park,M058,13/06/2020,M058-03,1,Gray,Above Ground,Climbing; Indifferent to humans,HAWK. HAAAAAWK. All in 1 tree.,40.804913,-73.943735,20.165
UPPER MANHATTAN,Marcus Garvey Park,M058,13/06/2020,M058-04,1,Gray,Above Ground,Climbing; Indifferent to humans,HAWK. HAAAAAWK. All in 1 tree.,40.804915,-73.943737,20.165
UPPER MANHATTAN,Marcus Garvey Park,M058,13/06/2020,M058-05,1,Gray,Above Ground,Climbing; Indifferent to humans,HAWK. HAAAAAWK. All in 1 tree.,40.804916,-73.943735,20.165
UPPER MANHATTAN,Marcus Garvey Park,M058,13/06/2020,M058-06,1,Gray,Above Ground,Climbing; Indifferent to humans,HAWK. HAAAAAWK. All in 1 tree.,40.804914,-73.943736,20.165
UPPER MANHATTAN,Marcus Garvey Park,M058,13/06/2020,M058-07,1,Gray,Above Ground,Climbing; Indifferent to humans,HAWK. HAAAAAWK. All in 1 tree.,40.804917,-73.943737,20.165
UPPER MANHATTAN,Marcus Garvey Park,M058,13/06/2020,M058-08,1,Black; Black,Above Ground,Climbing,Defending the tree from the HAAAAWK. The bravest.,40.804912,-73.943738,20.165
UPPER MANHATTAN,Marcus Garvey Park,M058,13/06/2020,M058-09,1,Gray,"Above Ground, Specific Location: small trees","Chasing, Climbing, Eating; Indifferent to humans","2 were chasing each other through some short trees, others just sat",40.804701,-73.944118,20.165
UPPER MANHATTAN,Marcus Garvey Park,M058,13/06/2020,M058-10,1,Gray,"Above Ground, Specific Location: small trees","Chasing, Climbing, Eating; Indifferent to humans","2 were chasing each other through some short trees, others just sat",40.804746,-73.94374,20.165
UPPER MANHATTAN,Marcus Garvey Park,M058,13/06/2020,M058-11,1,Gray,"Above Ground, Specific Location: small trees","Chasing, Climbing, Eating; Indifferent to humans","2 were chasing each other through some short trees, others just sat",40.804912,-73.94408,20.165
UPPER MANHATTAN,Marcus Garvey Park,M058,13/06/2020,M058-12,1,Gray,"Above Ground, Specific Location: small trees","Chasing, Climbing, Eating; Indifferent to humans","2 were chasing each other through some short trees, others just sat",40.804729,-73.944053,20.165
UPPER MANHATTAN,Marcus Garvey Park,M058,13/06/2020,M058-13,1,Gray,Above Ground,Climbing,"Slid down a signpost while spinning. Other squirrels flung leaves at it, cheering.",40.804713,-73.944032,20.165
UPPER MANHATTAN,Marcus Garvey Park,M058,13/06/2020,M058-14,1,Gray,Above Ground,"Climbing, Eating;",Too far to observe human interactions,40.804613,-73.943829,20.165
UPPER MANHATTAN,Marcus Garvey Park,M058,13/06/2020,M058-15,1,Gray,Above Ground,"Climbing, Eating;",Too far to observe human interactions,40.804564,-73.943824,20.165
UPPER MANHATTAN,Marcus Garvey Park,M058,13/06/2020,M058-16,1,Gray,On ground,Running,Ran up the the 3rd baseline of a Little League field. Wrong way!,40.804253,-73.944121,20.165
UPPER MANHATTAN,Marcus Garvey Park,M058,13/06/2020,M058-17,1,Gray,On ground,Running,Scampered across path,40.803758,-73.94433,20.165
UPPER MANHATTAN,Marcus Garvey Park,M058,13/06/2020,M058-18,1,Gray,Above Ground,"Sitting, shouting; Indifferent to humans",,40.803616,-73.944464,20.165
UPPER MANHATTAN,Marcus Garvey Park,M058,13/06/2020,M058-19,1,Gray,Above Ground,"Sitting, shouting; Indifferent to humans",,40.803413,-73.944207,20.165
UPPER MANHATTAN,Marcus Garvey Park,M058,13/06/2020,M058-20,1,Gray,Above Ground,"Sitting, shouting; Indifferent to humans",,40.80338,-73.944148,20.165
UPPER MANHATTAN,Marcus Garvey Park,M058,13/06/2020,M058-21,1,Gray,Above Ground,"Sitting, shouting; Indifferent to humans",,40.803392,-73.944228,20.165
UPPER MANHATTAN,Marcus Garvey Park,M058,13/06/2020,M058-22,1,Gray,Above Ground,"Defending tree, shouting; Indifferent to humans, Preoccupied by HAAWK",HAWK. Same scene as 1ô?¥î¥ì8. All gray.,40.803794,-73.944003,20.165
UPPER MANHATTAN,Marcus Garvey Park,M058,13/06/2020,M058-23,1,Gray,Above Ground,"Defending tree, shouting; Indifferent to humans, Preoccupied by HAAWK",HAWK. Same scene as 1ô?¥î¥ì8. All gray.,40.803795,-73.944003,20.165
UPPER MANHATTAN,Marcus Garvey Park,M058,13/06/2020,M058-24,1,Gray,Above Ground,"Defending tree, shouting; Indifferent to humans, Preoccupied by HAAWK",HAWK. Same scene as 1ô?¥î¥ì8. All gray.,40.803794,-73.944004,20.165
UPPER MANHATTAN,Marcus Garvey Park,M058,13/06/2020,M058-25,1,Gray,Above Ground,"Defending tree, shouting; Indifferent to humans, Preoccupied by HAAWK",HAWK. Same scene as 1ô?¥î¥ì8. All gray.,40.803794,-73.944005,20.165
UPPER MANHATTAN,Marcus Garvey Park,M058,13/06/2020,M058-26,1,Gray,Above Ground,"Defending tree, shouting; Indifferent to humans, Preoccupied by HAAWK",HAWK. Same scene as 1ô?¥î¥ì8. All gray.,40.803796,-73.944003,20.165
UPPER MANHATTAN,Marcus Garvey Park,M058,13/06/2020,M058-27,1,Gray,Above Ground,"Defending tree, shouting; Indifferent to humans, Preoccupied by HAAWK",HAWK. Same scene as 1ô?¥î¥ì8. All gray.,40.803795,-73.944004,20.165
UPPER MANHATTAN,Marcus Garvey Park,M058,13/06/2020,M058-28,1,Gray,Above Ground,Eating; Indifferent to humans,,40.80362,-73.944067,20.165
UPPER MANHATTAN,Marcus Garvey Park,M058,13/06/2020,M058-29,1,Gray,Above Ground,"Chasing, Climbing; Runs from humans",,40.80352,-73.943629,20.165
UPPER MANHATTAN,Marcus Garvey Park,M058,13/06/2020,M058-30,1,Gray,Above Ground,"Chasing, Climbing; Runs from humans",,40.803507,-73.943661,20.165
UPPER MANHATTAN,Marcus Garvey Park,M058,13/06/2020,M058-31,1,Gray,Above Ground,Climbing,,40.803981,-73.943327,20.165
UPPER MANHATTAN,Marcus Garvey Park,M058,13/06/2020,M058-32,1,Gray,Above Ground,Climbing,,40.804123,-73.943402,20.165
UPPER MANHATTAN,Marcus Garvey Park,M058,13/06/2020,M058-33,1,Black; Cinnamon,Above Ground,Cleaning,Cleaning himself like a cat would.,40.803981,-73.943273,20.165
UPPER MANHATTAN,Marcus Garvey Park,M058,13/06/2020,M058-34,1,Gray,Above Ground,Climbing; Runs from humans,,40.804878,-73.942781,20.165
CENTRAL MANHATTAN,Madison Square Park,M052,13/06/2020,M052-01,1,Gray,On ground,Foraging; Indifferent to humans,Scar on forehead,40.74145,-73.987884,6.234
CENTRAL MANHATTAN,Madison Square Park,M052,13/06/2020,M052-02,1,Gray,"Above Ground, Specific Location: in a tree",Sitting,,40.742255,-73.987433,6.234
CENTRAL MANHATTAN,Madison Square Park,M052,13/06/2020,M052-03,1,Gray,On ground,Foraging; Indifferent to humans,,40.742556,-73.986971,6.234
CENTRAL MANHATTAN,Madison Square Park,M052,13/06/2020,M052-04,1,Gray,"Above Ground, Specific Location: in a tree",Resting in tree,,40.742792,-73.987046,6.234
CENTRAL MANHATTAN,Madison Square Park,M052,13/06/2020,M052-05,1,Gray,"On ground, Specific Location: Farragut Lawn",Running; Indifferent to humans,"Many pigeons lounging on lawn, tourist taking picture",40.74288,-73.987663,6.234
CENTRAL MANHATTAN,Madison Square Park,M052,13/06/2020,M052-06,1,Gray,"Above Ground, Specific Location: in old tree (oval lawn)",Sitting; Indifferent to humans,#6 & #7 in same tree,40.742421,-73.98808,6.234
CENTRAL MANHATTAN,Madison Square Park,M052,13/06/2020,M052-07,1,Gray,"Above Ground, Specific Location: in old tree (oval lawn)",Sitting; Indifferent to humans,"#6 & #7 in same tree - In general, visitors/people are trying to coax squirrels and take pictures. They are delighted to see squirrels.",40.742421,-73.98808,6.234
CENTRAL MANHATTAN,Madison Square Park,M052,13/06/2020,M052-08,1,Gray; Cinnamon,"On ground, Specific Location: base of tree",Foraging; Indifferent to humans,Dog owners encouraging dogs to chase squirrels,40.742807,-73.988435,6.234
CENTRAL MANHATTAN,Madison Square Park,M052,13/06/2020,M052-09,1,Gray,"On ground, Specific Location: base of tree",Foraging; Indifferent to humans,Ran from base of tree to lawn about 20 feet away in search of food,40.741528,-73.988324,6.234
CENTRAL MANHATTAN,Madison Square Park,M052,13/06/2020,M052-10,1,Gray,"Above Ground, Specific Location: in tree","Climbing, Foraging; Indifferent to humans","First spotted in tree, then climbed down. Squirrel was small in stature.",40.741805,-73.988448,6.234
CENTRAL MANHATTAN,Madison Square Park,M052,13/06/2020,M052-11,1,Gray,"On ground, Above Ground, Specific Location: on bench","Running, Climbing, Foraging; Indifferent to humans","First seen on bench. Then jumped to ground, ran across path and onto lawn in search of food.",40.741862,-73.988797,6.234
CENTRAL MANHATTAN,Union Square Park,M089,4/07/2020,M089-01,1,Cinnamon,On ground,Climbing; Friendly,,40.735981,-73.99062,6.51
CENTRAL MANHATTAN,Union Square Park,M089,4/07/2020,M089-02,1,Gray,On ground,"Running, Eating, Foraging; Indifferent to humans",,40.735847,-73.990115,6.51
CENTRAL MANHATTAN,Union Square Park,M089,4/07/2020,M089-03,1,Cinnamon,On ground,Foraging; Indifferent to humans,,40.735896,-73.99041,6.51
CENTRAL MANHATTAN,Union Square Park,M089,4/07/2020,M089-04,1,Gray,On ground,Foraging; Indifferent to humans,,40.73579,-73.990738,6.51
CENTRAL MANHATTAN,Union Square Park,M089,4/07/2020,M089-05,1,Gray,On ground,Digging; Indifferent to humans,,40.735941,-73.99063,6.51
CENTRAL MANHATTAN,Union Square Park,M089,4/07/2020,M089-06,1,Gray,"Above Ground, Specific Location: in tree",Climbing,,40.73566,-73.990351,6.51
CENTRAL MANHATTAN,Union Square Park,M089,4/07/2020,M089-07,1,Gray; Cinnamon,"Above Ground, Specific Location: in tree","Climbing, Eating",Baby smaller,40.735636,-73.990426,6.51
CENTRAL MANHATTAN,Union Square Park,M089,4/07/2020,M089-08,1,Gray; Black,,Climbing,Baby smaller,40.73566,-73.990351,6.51
CENTRAL MANHATTAN,Union Square Park,M089,4/07/2020,M089-09,1,Gray,,"Running, Digging; Runs from humans",,40.735587,-73.990367,6.51
CENTRAL MANHATTAN,Union Square Park,M089,4/07/2020,M089-10,1,Gray,On ground,"Eating, Foraging; Indifferent to humans, Staring",,40.73542,-73.990453,6.51
CENTRAL MANHATTAN,Union Square Park,M089,4/07/2020,M089-11,1,Cinnamon,On ground,"Foraging; Indifferent to humans, Runs from humans (kids)",Ran away from kids and climbed up the tree,40.735514,-73.99033,6.51
CENTRAL MANHATTAN,Union Square Park,M089,4/07/2020,M089-12,1,Gray,On ground,"Eating, Foraging",Big,40.735945,-73.990201,6.51
CENTRAL MANHATTAN,Union Square Park,M089,4/07/2020,M089-13,1,Cinnamon,,Foraging,Big,40.735947,-73.99023,6.51
CENTRAL MANHATTAN,Union Square Park,M089,4/07/2020,M089-14,1,Gray,On ground,"Eating, Foraging",Big and chubby,40.73604,-73.98966,6.51
CENTRAL MANHATTAN,Union Square Park,M089,4/07/2020,M089-15,1,Gray,On ground,"Eating, Foraging",,40.73618,-73.990683,6.51
CENTRAL MANHATTAN,Union Square Park,M089,4/07/2020,M089-16,1,Cinnamon,On ground,"Eating, Foraging",,40.736298,-73.990559,6.51
CENTRAL MANHATTAN,Stuyvesant Square Park,M086,7/11/2020,M086-01,1,Gray; Cinnamon,On ground,Foraging; Indifferent to humans,Found nut and moved into tree,40.733753,-73.983682,3.928
CENTRAL MANHATTAN,Stuyvesant Square Park,M086,7/11/2020,M086-02,1,Gray; Cinnamon,On ground,Foraging; Indifferent to humans,,40.733648,-73.983483,3.928
CENTRAL MANHATTAN,Stuyvesant Square Park,M086,7/11/2020,M086-03,1,Gray; Cinnamon,On ground,Foraging; Indifferent to humans,,40.733631,-73.983419,3.928
CENTRAL MANHATTAN,Stuyvesant Square Park,M086,7/11/2020,M086-04,1,Gray; Cinnamon,On ground,Climbing; Runs from humans,,40.733546,-73.983263,3.928
CENTRAL MANHATTAN,Stuyvesant Square Park,M086,7/11/2020,M086-05,1,Gray; Cinnamon,Above Ground,Climbing,,40.733591,-73.983263,3.928
CENTRAL MANHATTAN,Stuyvesant Square Park,M086,7/11/2020,M086-06,1,Gray; Cinnamon,Above Ground,"Climbing, Eating; Indifferent to humans",,40.733648,-73.984294,3.928
CENTRAL MANHATTAN,Stuyvesant Square Park,M086,7/11/2020,M086-07,1,Gray; Cinnamon,On ground,Foraging; Approaches humans,"Curious, thinks we have food",40.733737,-73.98438,3.928
CENTRAL MANHATTAN,Stuyvesant Square Park,M086,7/11/2020,M086-08,1,Gray; Cinnamon,On ground,Chasing; Indifferent to humans,Being chased by #9,40.733501,-73.984417,3.928
CENTRAL MANHATTAN,Stuyvesant Square Park,M086,7/11/2020,M086-09,1,Gray; Cinnamon,On ground,Chasing; Indifferent to humans,Chasing #8,40.733575,-73.984391,3.928
CENTRAL MANHATTAN,Stuyvesant Square Park,M086,7/11/2020,M086-10,1,Gray; Cinnamon,On ground,Foraging; Approaches humans,Expected food,40.733506,-73.984553,3.928
CENTRAL MANHATTAN,Stuyvesant Square Park,M086,7/11/2020,M086-11,1,Gray; Cinnamon,Above Ground,Climbing; Indifferent to humans,Juvenile? Playing with #12 in tree,40.733619,-73.984708,3.928
CENTRAL MANHATTAN,Stuyvesant Square Park,M086,7/11/2020,M086-12,1,Gray; Cinnamon,Above Ground,Chasing; Indifferent to humans,Juvenile? Playing with #11 in tree,40.733648,-73.984638,3.928
CENTRAL MANHATTAN,Stuyvesant Square Park,M086,7/11/2020,M086-13,1,Gray; Cinnamon,Above Ground,Eating,,40.733737,-73.984644,3.928
CENTRAL MANHATTAN,Stuyvesant Square Park,M086,7/11/2020,M086-14,1,Black; Cinnamon,Above Ground,Eating; Approaches humans,,40.733932,-73.984612,3.928
CENTRAL MANHATTAN,Stuyvesant Square Park,M086,7/11/2020,M086-15,1,Black; Cinnamon,Above Ground,Eating,Far away,40.734014,-73.984461,3.928
CENTRAL MANHATTAN,Stuyvesant Square Park,M086,7/11/2020,M086-16,1,Black; Cinnamon,"Above Ground, Specific Location: in tree",,,40.734221,-73.984397,3.928
CENTRAL MANHATTAN,Stuyvesant Square Park,M086,7/11/2020,M086-17,1,Gray; Cinnamon,"Above Ground, Specific Location: in tree",Eating,,40.734083,-73.984322,3.928
CENTRAL MANHATTAN,Stuyvesant Square Park,M086,7/11/2020,M086-18,1,Gray; Cinnamon,On ground,Foraging; Indifferent to humans,,40.73403,-73.984199,3.928
CENTRAL MANHATTAN,Stuyvesant Square Park,M086,7/11/2020,M086-19,1,Black; Cinnamon,"Above Ground, Specific Location: in tree",Grooming;,,40.734204,-73.984242,3.928
CENTRAL MANHATTAN,Stuyvesant Square Park,M086,7/11/2020,M086-20,1,Gray; Cinnamon,On ground,Foraging; Indifferent to humans,,40.734314,-73.984231,3.928
CENTRAL MANHATTAN,Stuyvesant Square Park,M086,7/11/2020,M086-21,1,Gray; Cinnamon,"Above Ground, Specific Location: in tree",,,40.734261,-73.984284,3.928
CENTRAL MANHATTAN,Stuyvesant Square Park,M086,7/11/2020,M086-22,1,Gray; Cinnamon,"Above Ground, Specific Location: in tree",,,40.734144,-73.984059,3.928
CENTRAL MANHATTAN,Stuyvesant Square Park,M086,7/11/2020,M086-23,1,Gray; Cinnamon,On ground,Foraging; Indifferent to humans,,40.734335,-73.984038,3.928
CENTRAL MANHATTAN,Stuyvesant Square Park,M086,7/11/2020,M086-24,1,Black; Cinnamon,On ground,Foraging; Indifferent to humans,,40.734383,-73.984118,3.928
CENTRAL MANHATTAN,Stuyvesant Square Park,M086,7/11/2020,M086-25,1,Black; Cinnamon,On ground,Foraging; Indifferent to humans,,40.734356,-73.984062,3.928
CENTRAL MANHATTAN,Washington Square Park,M098,28/11/2020,M098-01,1,Gray,On ground,Foraging; Indifferent to humans,Sun,40.730703,-73.995821,9.749
CENTRAL MANHATTAN,Washington Square Park,M098,28/11/2020,M098-02,1,Gray,On ground,Foraging; Indifferent to humans,,40.730638,-73.995784,9.749
CENTRAL MANHATTAN,Washington Square Park,M098,28/11/2020,M098-03,1,Gray,On ground,Foraging; Indifferent to humans,,40.730528,-73.995891,9.749
CENTRAL MANHATTAN,Washington Square Park,M098,28/11/2020,M098-04,1,Gray,On ground,Foraging; Indifferent to humans,,40.730394,-73.996009,9.749
CENTRAL MANHATTAN,Washington Square Park,M098,28/11/2020,M098-05,1,Gray,,Indifferent to humans,,40.730341,-73.996052,9.749
CENTRAL MANHATTAN,Washington Square Park,M098,28/11/2020,M098-06,1,Gray,,Indifferent to humans,People eating at bench with dog,40.7303,-73.996106,9.749
CENTRAL MANHATTAN,Washington Square Park,M098,28/11/2020,M098-07,1,Gray,,Indifferent to humans,,40.730247,-73.996175,9.749
CENTRAL MANHATTAN,Washington Square Park,M098,28/11/2020,M098-08,1,Gray,,Indifferent to humans,,40.730231,-73.996138,9.749
CENTRAL MANHATTAN,Washington Square Park,M098,28/11/2020,M098-09,1,Gray,On ground,Foraging; Indifferent to humans,,40.730223,-73.996132,9.749
CENTRAL MANHATTAN,Washington Square Park,M098,28/11/2020,M098-10,1,Gray,,Indifferent to humans,Shady,40.730077,-73.996277,9.749
CENTRAL MANHATTAN,Washington Square Park,M098,28/11/2020,M098-11,1,Gray,Above Ground,Nesting; Indifferent to humans,In squirrel house (pic). Someone is trying to feed squirrel in house.,,,9.749
CENTRAL MANHATTAN,Washington Square Park,M098,28/11/2020,M098-12,1,Gray,Above Ground,Climbing; Indifferent to humans,,,,9.749
CENTRAL MANHATTAN,Washington Square Park,M098,28/11/2020,M098-13,1,Gray,On ground,Chasing; Indifferent to humans,Chasing #15,,,9.749
CENTRAL MANHATTAN,Washington Square Park,M098,28/11/2020,M098-14,1,Gray,"Above Ground, Specific Location: in tree",Eating; Indifferent to humans,,,,9.749
CENTRAL MANHATTAN,Washington Square Park,M098,28/11/2020,M098-15,1,Gray,,Chasing; Indifferent to humans,Being chased by #13,40.729858,-73.996843,9.749
CENTRAL MANHATTAN,Washington Square Park,M098,28/11/2020,M098-16,1,Gray,,Chasing; Indifferent to humans,,40.72985,-73.996778,9.749
CENTRAL MANHATTAN,Washington Square Park,M098,28/11/2020,M098-17,1,Gray,,Chasing; Indifferent to humans,,40.729822,-73.996816,9.749
CENTRAL MANHATTAN,Washington Square Park,M098,28/11/2020,M098-18,1,Gray,,Chasing; Indifferent to humans,,40.729809,-73.996762,9.749
CENTRAL MANHATTAN,Washington Square Park,M098,28/11/2020,M098-19,1,Gray,,Chasing; Indifferent to humans,,40.729939,-73.997068,9.749
CENTRAL MANHATTAN,Washington Square Park,M098,28/11/2020,M098-20,1,Gray,On ground,Indifferent to humans,,40.729976,-73.997154,9.749
CENTRAL MANHATTAN,Washington Square Park,M098,28/11/2020,M098-21,1,Gray,On ground,Indifferent to humans,,40.72996,-73.997079,9.749
CENTRAL MANHATTAN,Washington Square Park,M098,28/11/2020,M098-22,1,Gray,On ground,Indifferent to humans,,40.729927,-73.997036,9.749
CENTRAL MANHATTAN,Washington Square Park,M098,28/11/2020,M098-23,1,Gray,On ground,Indifferent to humans,,40.729988,-73.997106,9.749
CENTRAL MANHATTAN,Washington Square Park,M098,28/11/2020,M098-24,1,Gray,On ground,Indifferent to humans,,40.72998,-73.997031,9.749
CENTRAL MANHATTAN,Washington Square Park,M098,28/11/2020,M098-25,1,Gray,,Indifferent to humans,,40.730318,-73.997213,9.749
CENTRAL MANHATTAN,Washington Square Park,M098,28/11/2020,M098-26,1,Gray,,Indifferent to humans,,40.730301,-73.997251,9.749
CENTRAL MANHATTAN,Washington Square Park,M098,28/11/2020,M098-27,1,Gray,,Indifferent to humans,,40.730334,-73.997589,9.749
CENTRAL MANHATTAN,Washington Square Park,M098,28/11/2020,M098-28,1,Gray,,Indifferent to humans,,40.730411,-73.997589,9.749
CENTRAL MANHATTAN,Washington Square Park,M098,28/11/2020,M098-29,1,Gray,,Indifferent to humans,,40.730395,-73.997535,9.749
CENTRAL MANHATTAN,Washington Square Park,M098,28/11/2020,M098-30,1,Gray,"Above Ground, Specific Location: tree",Indifferent to humans,,40.730411,-73.997766,9.749
CENTRAL MANHATTAN,Washington Square Park,M098,28/11/2020,M098-31,1,Gray,,Indifferent to humans,,40.731031,-73.999122,9.749
CENTRAL MANHATTAN,Washington Square Park,M098,28/11/2020,M098-32,1,Gray,"Above Ground, Specific Location: in tree high",Indifferent to humans,,40.731504,-73.998977,9.749
CENTRAL MANHATTAN,Washington Square Park,M098,28/11/2020,M098-33,1,Gray,"Above Ground, Specific Location: in tree high",Indifferent to humans,,40.731548,-73.998842,9.749
CENTRAL MANHATTAN,Washington Square Park,M098,28/11/2020,M098-34,1,Gray,"Above Ground, Specific Location: in tree high",Indifferent to humans,,40.731608,-73.998928,9.749
CENTRAL MANHATTAN,Washington Square Park,M098,28/11/2020,M098-35,1,Gray,"Above Ground, Specific Location: in tree high",Indifferent to humans,,40.731503,-73.999014,9.749
CENTRAL MANHATTAN,Washington Square Park,M098,28/11/2020,M098-36,1,Gray,"Above Ground, Specific Location: tree canopy, low down",Indifferent to humans,,40.731552,-73.998788,9.749
CENTRAL MANHATTAN,Washington Square Park,M098,28/11/2020,M098-37,1,Gray,"Above Ground, Specific Location: tree high",Indifferent to humans,,40.731952,-73.998647,9.749
CENTRAL MANHATTAN,Washington Square Park,M098,28/11/2020,M098-38,1,Gray,"Above Ground, Specific Location: tree high",Indifferent to humans,,40.731936,-73.998598,9.749
CENTRAL MANHATTAN,Washington Square Park,M098,28/11/2020,M098-39,1,Gray,"Above Ground, Specific Location: tree low",Indifferent to humans,,40.732001,-73.998491,9.749
CENTRAL MANHATTAN,Washington Square Park,M098,28/11/2020,M098-40,1,Gray,On ground,Foraging; Indifferent to humans,Busy area,40.731974,-73.998482,9.749
CENTRAL MANHATTAN,Washington Square Park,M098,28/11/2020,M098-41,1,Gray,,Indifferent to humans,,40.731861,-73.998122,9.749
CENTRAL MANHATTAN,Washington Square Park,M098,28/11/2020,M098-42,1,Gray,,Indifferent to humans,,40.731804,-73.997999,9.749
CENTRAL MANHATTAN,Washington Square Park,M098,28/11/2020,M098-43,1,Gray,"Above Ground, Specific Location: tree",Indifferent to humans,,40.731747,-73.997859,9.749
CENTRAL MANHATTAN,Washington Square Park,M098,28/11/2020,M098-44,1,Gray,"Above Ground, Specific Location: tree",Indifferent to humans,,40.731665,-73.997747,9.749
CENTRAL MANHATTAN,Washington Square Park,M098,28/11/2020,M098-45,1,Gray,"Above Ground, Specific Location: tree",Indifferent to humans,,40.731548,-73.99758,9.749
CENTRAL MANHATTAN,Washington Square Park,M098,28/11/2020,M098-46,1,Gray,"Above Ground, Specific Location: tree high",Indifferent to humans,,40.731389,-73.997231,9.749
CENTRAL MANHATTAN,Washington Square Park,M098,28/11/2020,M098-47,1,Gray,,Indifferent to humans,Sun,40.7312,-73.996805,9.749
CENTRAL MANHATTAN,Washington Square Park,M098,28/11/2020,M098-48,1,Gray,"Above Ground, Specific Location: small tree",Indifferent to humans,,40.731119,-73.996655,9.749
CENTRAL MANHATTAN,Washington Square Park,M098,28/11/2020,M098-49,1,Gray,Specific Location: on bench,Indifferent to humans,,40.731103,-73.996601,9.749
CENTRAL MANHATTAN,Washington Square Park,M098,28/11/2020,M098-50,1,Gray,,Indifferent to humans,,40.73092,-73.996242,9.749
CENTRAL MANHATTAN,Washington Square Park,M098,28/11/2020,M098-51,1,Gray,,Indifferent to humans,,40.730782,-73.996017,9.749
CENTRAL MANHATTAN,Tompkins Square Park,M088,11/07/2020,M088-01,1,Gray,Specific Location: Tree,Climbing; Runs from humans,"Nut in mouth, very fast moving",,,10.502
CENTRAL MANHATTAN,Tompkins Square Park,M088,11/07/2020,M088-02,1,Gray,On ground,Foraging; Indifferent to humans,,,,10.502
CENTRAL MANHATTAN,Tompkins Square Park,M088,11/07/2020,M088-03,1,Black; Black,On ground,Foraging; Indifferent to humans,,,,10.502
CENTRAL MANHATTAN,Tompkins Square Park,M088,11/07/2020,M088-04,1,Gray,On ground,Foraging; Indifferent to humans,,,,10.502
CENTRAL MANHATTAN,Tompkins Square Park,M088,11/07/2020,M088-05,1,Gray,On ground,Running; Indifferent to humans,,,,10.502
CENTRAL MANHATTAN,Tompkins Square Park,M088,11/07/2020,M088-06,1,Gray,On ground,Foraging; Indifferent to humans,,,,10.502
CENTRAL MANHATTAN,Tompkins Square Park,M088,11/07/2020,M088-07,1,Gray,On ground,Foraging; Indifferent to humans,,,,10.502
CENTRAL MANHATTAN,Tompkins Square Park,M088,11/07/2020,M088-08,1,Gray,Above Ground,Climbing; Indifferent to humans,,,,10.502
CENTRAL MANHATTAN,Tompkins Square Park,M088,11/07/2020,M088-09,1,Gray,On ground,Foraging; Indifferent to humans,,,,10.502
CENTRAL MANHATTAN,Tompkins Square Park,M088,11/07/2020,M088-10,1,Gray,Above Ground,Chasing; Indifferent to humans,,,,10.502
CENTRAL MANHATTAN,Tompkins Square Park,M088,11/07/2020,M088-11,1,Gray,Above Ground,Chasing; Indifferent to humans,,,,10.502
CENTRAL MANHATTAN,Tompkins Square Park,M088,11/07/2020,M088-12,1,Gray,On ground,Foraging; Indifferent to humans,,,,10.502
CENTRAL MANHATTAN,Tompkins Square Park,M088,11/07/2020,M088-13,1,Gray,On ground,Foraging; Indifferent to humans,,,,10.502
CENTRAL MANHATTAN,Tompkins Square Park,M088,11/07/2020,M088-14,1,Gray,On ground,Foraging,,,,10.502
CENTRAL MANHATTAN,Tompkins Square Park,M088,11/07/2020,M088-15,1,Gray,Specific Location: Tree,Climbing (down tree); Indifferent to humans,,,,10.502
CENTRAL MANHATTAN,Tompkins Square Park,M088,11/07/2020,M088-16,1,Gray,Specific Location: Tree,Climbing (down tree); Indifferent to humans,,,,10.502
CENTRAL MANHATTAN,Tompkins Square Park,M088,11/07/2020,M088-17,1,Gray,Specific Location: Tree,Climbing; Indifferent to humans,,,,10.502
CENTRAL MANHATTAN,Tompkins Square Park,M088,11/07/2020,M088-18,1,Gray,Specific Location: Tree,Climbing; Indifferent to humans,,,,10.502
CENTRAL MANHATTAN,Tompkins Square Park,M088,11/07/2020,M088-19,1,Gray,On ground,Foraging; Indifferent to humans,,,,10.502
CENTRAL MANHATTAN,Tompkins Square Park,M088,11/07/2020,M088-20,1,Gray,On ground,Foraging; Indifferent to humans,,,,10.502
CENTRAL MANHATTAN,Tompkins Square Park,M088,11/07/2020,M088-21,1,Gray,Specific Location: Tree,Climbing; Indifferent to humans,,,,10.502
CENTRAL MANHATTAN,Tompkins Square Park,M088,11/07/2020,M088-22,1,Gray,Specific Location: Tree,Sitting; Indifferent to humans,,,,10.502
CENTRAL MANHATTAN,Tompkins Square Park,M088,11/07/2020,M088-23,1,Gray,Specific Location: Tree,Sitting (in tree hole); Indifferent to humans,,,,10.502
CENTRAL MANHATTAN,Tompkins Square Park,M088,11/07/2020,M088-24,1,Gray,Specific Location: Tree,Lounging; Approaches humans,,,,10.502
CENTRAL MANHATTAN,Tompkins Square Park,M088,11/07/2020,M088-25,1,Gray,On ground,Foraging; Approaches humans,,,,10.502
CENTRAL MANHATTAN,Tompkins Square Park,M088,11/07/2020,M088-26,1,Gray,On ground,Foraging; Approaches humans,,,,10.502
CENTRAL MANHATTAN,Tompkins Square Park,M088,11/07/2020,M088-27,1,Gray,On ground,Foraging; Approaches humans,,,,10.502
CENTRAL MANHATTAN,Tompkins Square Park,M088,11/07/2020,M088-28,1,Gray,On ground,Foraging; Approaches humans,,,,10.502
CENTRAL MANHATTAN,Tompkins Square Park,M088,11/07/2020,M088-29,1,Gray,On ground,Foraging; Approaches humans,,,,10.502
CENTRAL MANHATTAN,Tompkins Square Park,M088,11/07/2020,M088-30,1,Gray,On ground,Foraging; Approaches humans,,,,10.502
CENTRAL MANHATTAN,Tompkins Square Park,M088,11/07/2020,M088-31,1,Gray,On ground,Running,,,,10.502
CENTRAL MANHATTAN,Tompkins Square Park,M088,11/07/2020,M088-32,1,Gray,On ground,Foraging; Approaches humans,,,,10.502
CENTRAL MANHATTAN,Tompkins Square Park,M088,11/07/2020,M088-33,1,Gray,Specific Location: Tree,Sitting; Approaches humans,,,,10.502
CENTRAL MANHATTAN,Tompkins Square Park,M088,11/07/2020,M088-34,1,Gray,Specific Location: Tree,Climbing; Approaches humans,,,,10.502
CENTRAL MANHATTAN,Tompkins Square Park,M088,11/07/2020,M088-35,1,Gray,On ground,Foraging; Indifferent to humans,,,,10.502
CENTRAL MANHATTAN,Tompkins Square Park,M088,11/07/2020,M088-36,1,Gray,Specific Location: Tree,Climbing (down); Indifferent to humans,,,,10.502
CENTRAL MANHATTAN,Tompkins Square Park,M088,11/07/2020,M088-37,1,Gray,Specific Location: Tree,Climbing (down); Indifferent to humans,,,,10.502
CENTRAL MANHATTAN,Tompkins Square Park,M088,11/07/2020,M088-38,1,Gray,On ground,Foraging; Indifferent to humans,,,,10.502
CENTRAL MANHATTAN,Tompkins Square Park,M088,11/07/2020,M088-39,1,Gray,On ground,Foraging; Indifferent to humans,,,,10.502
CENTRAL MANHATTAN,Tompkins Square Park,M088,11/07/2020,M088-40,1,Gray,On ground,Foraging; Indifferent to humans,,,,10.502
CENTRAL MANHATTAN,Tompkins Square Park,M088,11/07/2020,M088-41,1,Gray,On ground,Foraging; Indifferent to humans,,,,10.502
CENTRAL MANHATTAN,Tompkins Square Park,M088,11/07/2020,M088-42,1,Gray,On ground,Foraging; Indifferent to humans,,,,10.502
CENTRAL MANHATTAN,Tompkins Square Park,M088,11/07/2020,M088-43,1,Gray,On ground,Foraging; Indifferent to humans,,,,10.502
CENTRAL MANHATTAN,Tompkins Square Park,M088,11/07/2020,M088-44,1,Gray,On ground,Foraging; Indifferent to humans,,,,10.502
CENTRAL MANHATTAN,Tompkins Square Park,M088,11/07/2020,M088-45,1,Gray,On ground,Foraging; Indifferent to humans,,,,10.502
CENTRAL MANHATTAN,Tompkins Square Park,M088,11/07/2020,M088-46,1,Gray,On ground,Foraging; Indifferent to humans,,,,10.502
CENTRAL MANHATTAN,Tompkins Square Park,M088,11/07/2020,M088-47,1,Gray,On ground,Foraging; Indifferent to humans,,,,10.502
CENTRAL MANHATTAN,Tompkins Square Park,M088,11/07/2020,M088-48,1,Black; Black,On ground,Foraging; Indifferent to humans,They (#48 & #49) are fat.,,,10.502
CENTRAL MANHATTAN,Tompkins Square Park,M088,11/07/2020,M088-49,1,Black; Black,On ground,Foraging; Indifferent to humans,They (#48 & #49) are fat.,,,10.502
CENTRAL MANHATTAN,Tompkins Square Park,M088,11/07/2020,M088-50,1,Gray,On ground,Chasing; Indifferent to humans,,,,10.502
CENTRAL MANHATTAN,Tompkins Square Park,M088,11/07/2020,M088-51,1,Black; Black,On ground,Chasing; Indifferent to humans,,,,10.502
CENTRAL MANHATTAN,Tompkins Square Park,M088,11/07/2020,M088-52,1,Gray,On ground,Foraging; Indifferent to humans,,,,10.502
CENTRAL MANHATTAN,Tompkins Square Park,M088,11/07/2020,M088-53,1,Gray,On ground,Foraging; Indifferent to humans,,,,10.502
CENTRAL MANHATTAN,Tompkins Square Park,M088,11/07/2020,M088-54,1,Gray,Specific Location: Tree,Climbing; Indifferent to humans,,,,10.502
CENTRAL MANHATTAN,Tompkins Square Park,M088,11/07/2020,M088-55,1,Gray,Specific Location: Tree,Climbing,,,,10.502
CENTRAL MANHATTAN,Tompkins Square Park,M088,11/07/2020,M088-56,1,Gray,Specific Location: Tree,Climbing,,,,10.502
CENTRAL MANHATTAN,Tompkins Square Park,M088,11/07/2020,M088-57,1,Gray,Specific Location: Tree,Climbing,,,,10.502
CENTRAL MANHATTAN,Tompkins Square Park,M088,11/07/2020,M088-58,1,Gray,On ground,Foraging,,,,10.502
CENTRAL MANHATTAN,Tompkins Square Park,M088,11/07/2020,M088-59,1,Gray,On ground,Foraging,,,,10.502
CENTRAL MANHATTAN,John V. Lindsay East River Park,M144,27/06/2020,M144-01,1,Gray,On ground,"Running, Eating; Indifferent to humans",Nibbling on shrubs?,40.725738,-73.972105,45.88
CENTRAL MANHATTAN,John V. Lindsay East River Park,,27/06/2020,M144-02,1,Black; Black,On ground,"Running, Eating (peanuts)",,40.722614,-73.972894,45.88
CENTRAL MANHATTAN,John V. Lindsay East River Park,M144,27/06/2020,M144-03,1,Gray,"On ground, Above Ground","Climbing, Watching #2; Approaches humans",Siblings? (with #4) Playing (with #4) in fenced yard,40.72263,-73.973001,45.88
CENTRAL MANHATTAN,John V. Lindsay East River Park,,27/06/2020,M144-04,1,Gray,"On ground, Above Ground","Running, Chasing, Eating",Siblings? (with #3) Playing (with #3) in fenced yard,40.72263,-73.973109,45.88
CENTRAL MANHATTAN,John V. Lindsay East River Park,,27/06/2020,M144-05,1,Gray,On ground,"Eating, Foraging; Approaches humans",,40.722614,-73.973033,45.88
CENTRAL MANHATTAN,John V. Lindsay East River Park,M144,27/06/2020,M144-06,1,Gray,On ground,"Eating, Foraging; Approaches humans",,40.722173,-73.97272,45.88
CENTRAL MANHATTAN,John V. Lindsay East River Park,M144,27/06/2020,M144-07,1,Gray,"On ground, Above Ground","Climbing, Foraging; Indifferent to humans",,40.719379,-73.973504,45.88
CENTRAL MANHATTAN,John V. Lindsay East River Park,,27/06/2020,M144-08,1,Gray,"On ground, Above Ground","Climbing, Foraging; Indifferent to humans",,40.71935,-73.973445,45.88
CENTRAL MANHATTAN,John V. Lindsay East River Park,,27/06/2020,M144-09,1,Gray,"Above Ground, Specific Location: in a tree",Climbing,,40.721923,-73.974121,45.88
CENTRAL MANHATTAN,John V. Lindsay East River Park,,27/06/2020,M144-10,1,Gray,On ground,Eating; Approaches humans,,40.724011,-73.97313,45.88
CENTRAL MANHATTAN,John V. Lindsay East River Park,M144,27/06/2020,M144-11,1,Gray,On ground,"Climbing, Eating, Foraging; Indifferent to humans",Was very close to a dog and hid in a tree,40.724608,-73.972841,45.88
CENTRAL MANHATTAN,John V. Lindsay East River Park,,27/06/2020,M144-12,1,Gray,On ground,"Eating, Foraging; Runs from humans",,40.724774,-73.97275,45.88
LOWER MANHATTAN,Seward Park,M082,15/08/2020,M082-01,1,"Gray; Cinnamon, White",On ground,Eating; Runs from humans,,40.715415,-73.989567,3.361
LOWER MANHATTAN,Seward Park,M082,15/08/2020,M082-02,1,Gray; Cinnamon,On ground,Eating; Indifferent to humans,"Bushier and plump, big tail",40.715484,-73.989299,3.361
LOWER MANHATTAN,Seward Park,M082,15/08/2020,M082-03,1,Gray; Cinnamon,On ground,Foraging; Runs from humans,,40.714749,-73.989577,3.361
LOWER MANHATTAN,Seward Park,M082,15/08/2020,M082-04,1,Gray; Cinnamon,On ground,Climbing; Approaches humans,Looking to us for food! Climbed tree when we did not have any to give.,40.71468,-73.989776,3.361
LOWER MANHATTAN,Seward Park,M082,15/08/2020,M082-05,1,Gray; Cinnamon,"On ground, Above Ground","Climbing, Foraging; Approaches humans","Skinny tail, lots of digging, found an acorn and is eating",40.714846,-73.989679,3.361
LOWER MANHATTAN,Seward Park,M082,15/08/2020,M082-06,1,Gray; Cinnamon,On ground,"Running, Chasing; Indifferent to humans","Medium bushy, maybe a little younger, agile, sprightly",40.715033,-73.989609,3.361
LOWER MANHATTAN,Seward Park,M082,15/08/2020,M082-07,1,Gray; Cinnamon,On ground,"Running, Chasing; Indifferent to humans",Too quick,40.715208,-73.989534,3.361
LOWER MANHATTAN,Corlears Hook Park,M017,26/12/2020,M017-01,1,Gray,Above Ground,"Running, Climbing, Eating; Runs from humans",Frantically zig-zagging whilst clutching a miafternoon snack,40.712159,-73.979415,4.355
LOWER MANHATTAN,Corlears Hook Park,M017,26/12/2020,M017-02,1,Gray,,"Eating, Foraging; Indifferent to humans",Digging in leaves carelessly,40.712199,-73.979519,4.355
LOWER MANHATTAN,Corlears Hook Park,M017,26/12/2020,M017-03,1,Gray,,,Multiple nut dives into the leaves; mostly successful,40.712118,-73.97968,4.355
LOWER MANHATTAN,Corlears Hook Park,M017,26/12/2020,M017-04,1,Gray; Cinnamon,,,Playing tag with #5,40.712179,-73.979776,4.355
LOWER MANHATTAN,Corlears Hook Park,M017,26/12/2020,M017-05,1,Gray; Cinnamon,,,Playing tag with #4,40.712216,-73.979857,4.355
LOWER MANHATTAN,Corlears Hook Park,M017,26/12/2020,M017-06,1,Gray,Above Ground,Ear scratching,,40.712224,-73.979669,4.355
LOWER MANHATTAN,Corlears Hook Park,M017,26/12/2020,M017-07,1,Gray,Above Ground,,,40.71224,-73.979744,4.355
LOWER MANHATTAN,Corlears Hook Park,M017,26/12/2020,M017-08,1,Gray,,Frolicking,Leaping from branch to branch,40.711927,-73.979658,4.355
LOWER MANHATTAN,Corlears Hook Park,M017,26/12/2020,M017-09,1,Gray; Cinnamon,Above Ground,"Running, Climbing, Scratching",Meandering among the branches,40.711866,-73.97976,4.355
LOWER MANHATTAN,Corlears Hook Park,M017,26/12/2020,M017-10,1,Gray,Above Ground,"Running, Climbing; Approaches humans","Came by to make sure we had proper Sighter buttons, looks like a Gerald",40.71174,-73.980539,4.355
LOWER MANHATTAN,Corlears Hook Park,M017,26/12/2020,M017-11,1,Gray; White,Specific Location: Handrail,Posing; Approaches humans,Timidly approached but ran from a passing pooch,40.711442,-73.978354,4.355
LOWER MANHATTAN,Corlears Hook Park,M017,26/12/2020,M017-12,1,Gray,Above Ground,Guarding; Defensive,Very upset that we spotted him accessing his tree-hole stash,40.711316,-73.978343,4.355
LOWER MANHATTAN,Corlears Hook Park,M017,26/12/2020,M017-13,1,Gray; Black,"On ground, Above Ground","Running, Chasing, Climbing","#13, #14 & #15: Scattering and teasing a Shih Tzu that chased them, runs from dog",40.711417,73.977767,4.355
LOWER MANHATTAN,Corlears Hook Park,M017,26/12/2020,M017-14,1,Gray; Black,"On ground, Above Ground","Running, Chasing, Climbing","#13, #14 & #15: Scattering and teasing a Shih Tzu that chased them, runs from dog",40.711421,-73.977692,4.355
LOWER MANHATTAN,Corlears Hook Park,M017,26/12/2020,M017-15,1,Gray; Black,"On ground, Above Ground","Running, Chasing, Climbing","#13, #14 & #15: Scattering and teasing a Shih Tzu that chased them, runs from dog",40.711409,-73.977719,4.355
LOWER MANHATTAN,Corlears Hook Park,M017,26/12/2020,M017-16,1,Cinnamon,Above Ground,Foraging; Indifferent to humans,So curious! A unique color and thirst for the unknown.,40.711303,-73.97759,4.355
LOWER MANHATTAN,Columbus Park,M015,18/07/2020,M015-01,1,Gray; Cinnamon,On ground,"Climbing, Eating, Foraging; Approaches humans","Boy, Alert ô?¥î¥ lots of basketball close by",40.714867,-74.000236,3.233
LOWER MANHATTAN,Columbus Park,M015,18/07/2020,M015-02,1,Gray; Cinnamon,On ground,"Running, Foraging",,40.7159,-74.000167,3.233
LOWER MANHATTAN,Columbus Park,M015,18/07/2020,M015-03,1,Gray,Above Ground,Indifferent to humans,Nibbling on branches,40.714875,-74.000346,3.233
LOWER MANHATTAN,Columbus Park,M015,18/07/2020,M015-04,1,Gray,Above Ground,Climbing; Approaches humans,Patchy ô?¥î¥¾?¥Ýbald spots,40.715779,-73.999887,3.233
LOWER MANHATTAN,Teardrop Park,M283.1,30/01/2021,M283.1-01,1,Gray; Cinnamon,On ground,"Running, Eating (or pretending to eat); Runs from humans","Ran up tree and down tree, tail vibration ô?¥î¥ not a flag or twitch, kuk sound",40.716335,-74.015612,
LOWER MANHATTAN,City Hall Park,M013,22/08/2020,M013-01,1,Gray; White,On ground,Foraging,,40.712828,-74.005072,8.8
LOWER MANHATTAN,City Hall Park,M013,22/08/2020,M013-02,1,Gray,Above Ground,Climbing,Chasing #3 up the tree,40.712938,-74.005152,8.8
LOWER MANHATTAN,City Hall Park,M013,22/08/2020,M013-03,1,Gray,Above Ground,Climbing,Chasing #2 up the tree,40.712938,-74.005152,8.8
LOWER MANHATTAN,City Hall Park,M013,22/08/2020,M013-04,1,"Gray; Cinnamon, White",On ground,"Eating, Burying; Approaches humans",Very chubby cinnamon squirrel got peanuts from humans and buried them in leaves,40.712893,-74.005233,8.8
LOWER MANHATTAN,City Hall Park,M013,22/08/2020,M013-05,1,"Gray; Cinnamon, White",On ground,"Eating, Burying; Approaches humans",Couldn't find a good spot to bury theirs (peanuts from humans),40.712893,-74.005233,8.8
LOWER MANHATTAN,City Hall Park,M013,22/08/2020,M013-06,1,Gray; Cinnamon,On ground,Eating; Approaches humans,Being fed by people,40.712922,-74.005147,8.8
LOWER MANHATTAN,City Hall Park,M013,22/08/2020,M013-07,1,Gray; Cinnamon,On ground,Eating; Approaches humans,Being fed by people,40.712922,-74.005147,8.8
LOWER MANHATTAN,City Hall Park,M013,22/08/2020,M013-08,1,Gray; White; Very distinct white outlines on ears and ring around tail,On ground,Eating; Approaches humans,Came out to get peanut from human,40.713044,-74.005404,8.8
LOWER MANHATTAN,City Hall Park,M013,22/08/2020,M013-09,1,Gray,Above Ground,"Climbing, Foraging; Indifferent to humans, Runs from humans","Perched in a bush, watched us and scampered off to eat - very little squirrel",40.712836,-74.005662,8.8
LOWER MANHATTAN,City Hall Park,M013,22/08/2020,M013-10,1,Gray; White,"On ground, Specific Location: on City Hall back steps",Running; Indifferent to humans,,40.712881,-74.005823,8.8
LOWER MANHATTAN,City Hall Park,M013,22/08/2020,M013-11,1,"Gray; Cinnamon, White","On ground, Specific Location: by back steps of City Hall","Eating, Foraging; Indifferent to humans",Found something to eat buried in leaves and then looked for more,40.712995,-74.005963,8.8
LOWER MANHATTAN,City Hall Park,M013,22/08/2020,M013-12,1,Gray; White,On ground,Very carefully watching a cat; Indifferent to humans,,40.713044,-74.006242,8.8
LOWER MANHATTAN,City Hall Park,M013,22/08/2020,M013-13,1,Gray,Above Ground,Chattering; Indifferent to humans,"High up in a tree, lots of talking",40.713276,-74.006323,8.8
LOWER MANHATTAN,City Hall Park,M013,22/08/2020,M013-14,1,Gray; White,On ground,"Eating (nuts), Foraging; Approaches humans, Runs from humans",,40.713339,-74.006313,8.8
LOWER MANHATTAN,City Hall Park,M013,22/08/2020,M013-15,1,Gray; White,On ground,Running,"Very active, darting around",40.713518,-74.006308,8.8
LOWER MANHATTAN,City Hall Park,M013,22/08/2020,M013-16,1,Gray; White; Lots of white!,Above Ground,"Climbing, Foraging; Watching","Perched on knot of tree, watching us, then started foraging",40.71312,-74.006862,8.8
LOWER MANHATTAN,City Hall Park,M013,22/08/2020,M013-17,1,Gray; White,On ground,"Eating, Foraging; Indifferent to humans",Successfully finding buried food,40.712872,-74.006878,8.8
LOWER MANHATTAN,City Hall Park,M013,22/08/2020,M013-18,1,Gray; White,On ground,"Eating, Foraging; Indifferent to humans","Rolling around in loose dirt with a ""swimming"" motion",40.712872,-74.006878,8.8
LOWER MANHATTAN,Battery Park,M283,19/09/2020,M283-01,1,Gray; Cinnamon,Above Ground,Interested in humans,#1ô?¥î¥ì5 all together being fed by humans,40.704053,-74.01612,26.042
LOWER MANHATTAN,Battery Park,M283,19/09/2020,M283-02,1,"Gray; Cinnamon, White",Specific Location: on fencing,"Climbing, Balancing on fencing",#1ô?¥î¥ì5 all together being fed by humans - Hungry,40.704011,-74.016134,26.042
LOWER MANHATTAN,Battery Park,M283,19/09/2020,M283-03,1,"Gray; Cinnamon, White",On ground,Indifferent to humans,"#1ô?¥î¥ì5 all together being fed by humans, Had a ton of leaves in his mouth for several minutes",40.703897,-74.016118,26.042
LOWER MANHATTAN,Battery Park,M283,19/09/2020,M283-04,1,,On ground,Cautious of humans,#1ô?¥î¥ì5 all together being fed by humans,40.703885,-74.016161,26.042
LOWER MANHATTAN,Battery Park,M283,19/09/2020,M283-05,1,"Gray; Cinnamon, White",Specific Location: on fencing,,#1ô?¥î¥ì5 all together being fed by humans,40.703848,-74.016134,26.042
LOWER MANHATTAN,Battery Park,M283,19/09/2020,M283-06,1,Cinnamon; Gray; White,On ground,"Chillin', Rubbing butt on ground",Seems left out,40.703882,-74.015955,26.042
LOWER MANHATTAN,Battery Park,M283,19/09/2020,M283-07,1,Cinnamon; White,On ground,Running; Runs from humans,,40.704211,-74.015859,26.042
LOWER MANHATTAN,Battery Park,M283,19/09/2020,M283-08,1,Gray; White,On ground,Foraging,Obviously a couple with #9,40.704142,-74.015837,26.042
LOWER MANHATTAN,Battery Park,M283,19/09/2020,M283-09,1,Gray; White,On ground,Foraging,Obviously a couple with #8,40.704175,-74.015306,26.042
LOWER MANHATTAN,Battery Park,M283,19/09/2020,M283-10,1,"Gray; Cinnamon, White",On ground,Running; Indifferent to humans,Skinny with tiny ears,40.704171,-74.015242,26.042
LOWER MANHATTAN,Battery Park,M283,19/09/2020,M283-11,1,Gray; White,On ground,Foraging; Indifferent to humans,,40.704468,-74.014774,26.042
LOWER MANHATTAN,Battery Park,M283,19/09/2020,M283-12,1,Gray; White,On ground,Foraging; Indifferent to humans,,40.704453,-74.014757,26.042
LOWER MANHATTAN,Battery Park,M283,19/09/2020,M283-13,1,Gray; White,On ground,Eating; Indifferent to humans,,40.70442,-74.014741,26.042
LOWER MANHATTAN,Battery Park,M283,19/09/2020,M283-14,1,Gray; Cinnamon,"Above Ground, Specific Location: in tree",Sticking out of a tree; Indifferent to humans,,40.704188,-74.014853,26.042
LOWER MANHATTAN,Battery Park,M283,19/09/2020,M283-15,1,Gray; White; White bellies,,Chasing,"Flirty, chasing #16, also eating urban farm debris",40.70352,-74.015273,26.042
LOWER MANHATTAN,Battery Park,M283,19/09/2020,M283-16,1,Gray; White; White bellies,,Chasing,"Flirty, being chased by #15, also eating urban farm debris",40.703487,-74.015278,26.042
LOWER MANHATTAN,Battery Park,M283,19/09/2020,M283-17,1,Gray; White,,Hangin' with #13 & #14,,40.703989,-74.015202,26.042
LOWER MANHATTAN,Battery Park,M283,19/09/2020,M283-18,1,Gray,On ground,,Looks like he has a patch of fur missing on his back,40.703383,-74.015584,26.042
LOWER MANHATTAN,Battery Park,M283,19/09/2020,M283-19,1,Gray; Cinnamon,Above Ground,Climbing (tree),,40.70295,-74.015813,26.042
LOWER MANHATTAN,Battery Park,M283,19/09/2020,M283-20,1,Cinnamon,On ground,,,40.702934,-74.015775,26.042
LOWER MANHATTAN,Battery Park,M283,19/09/2020,M283-21,1,Gray; White,"Above Ground, Specific Location: in a tree",Snacking in a tree,,40.702922,-74.016629,26.042
LOWER MANHATTAN,Battery Park,M283,19/09/2020,M283-22,1,Cinnamon,Specific Location: on a bench,,,40.702411,-74.015896,26.042
LOWER MANHATTAN,Battery Park,M283,19/09/2020,M283-23,1,Gray,,Prancing about,,40.702313,-74.015644,26.042
LOWER MANHATTAN,Battery Park,M283,19/09/2020,M283-24,1,Gray; Cinnamon,Specific Location: on fence,Climbing fence,,40.702467,-74.015757,26.042
LOWER MANHATTAN,Battery Park,M283,19/09/2020,M283-25,1,Gray; Cinnamon,"Above Ground, Specific Location: in a tree",,,40.702597,-74.016132,26.042
LOWER MANHATTAN,Battery Park,M283,19/09/2020,M283-26,1,Gray; Cinnamon,Specific Location: on fence,Climbing fence,,40.702618,-74.016556,26.042
BROOKLYN,Msgr. McGolrick Park,B114,,B114-01,1,Gray; Cinnamon,Above Ground,battery; Staring,"Looks cold, not moving, lethargic",40.725308,-73.942789,
BROOKLYN,Msgr. McGolrick Park,B114,,B114-02,1,Gray; Cinnamon; White,Above Ground,"Climbing, Foraging, Self-cleaning; Indifferent to humans",,40.725511,-73.943609,
BROOKLYN,Msgr. McGolrick Park,B114,,B114-03,1,Gray; Cinnamon,On ground,Chasing; Approaches humans,,40.725511,-73.943448,
BROOKLYN,Msgr. McGolrick Park,B114,,B114-04,1,Gray,Above Ground,Climbing,,40.725478,-73.944113,
BROOKLYN,Msgr. McGolrick Park,B114,,B114-05,1,Gray,Above Ground,Eating,,40.725527,-73.943974,
BROOKLYN,Msgr. McGolrick Park,B114,,B114-06,1,Gray; Cinnamon,On ground,Eating; Approaches humans,We fed him!,40.725397,-73.944124,
BROOKLYN,Msgr. McGolrick Park,B114,,B114-07,1,Gray,Above Ground,Climbing,,40.725413,-73.943984,
BROOKLYN,Msgr. McGolrick Park,B114,,B114-08,1,Gray,On ground,Climbing (down),,40.724755,-73.944006,
BROOKLYN,Msgr. McGolrick Park,B114,,B114-09,1,Gray,On ground,Climbing (down),,40.723974,-73.943845,
BROOKLYN,Msgr. McGolrick Park,B114,,B114-10,1,Gray,On ground,Climbing (down),,40.723462,-73.943952,
BROOKLYN,Msgr. McGolrick Park,B114,,B114-11,1,Gray,On ground,Climbing (down),,40.725372,-73.943652,
BROOKLYN,Msgr. McGolrick Park,B114,,B114-12,1,Gray; White,"Above Ground, Specific Location: by playground",Sitting; Indifferent to humans,,40.725364,-73.943512,
BROOKLYN,Msgr. McGolrick Park,B114,,B114-13,1,Gray,On ground,Running; Runs from humans,,40.725397,-73.943297,
BROOKLYN,Msgr. McGolrick Park,B114,,B114-14,1,Gray; Cinnamon,On ground,Running; Indifferent to humans,,40.725197,-73.943273,
BROOKLYN,McCarren Park,B058,26/09/2020,B058-01,1,Cinnamon; White,On ground,Eating; Indifferent to humans,,40.72167,-73.953364,
BROOKLYN,McCarren Park,B058,26/09/2020,B058-02,1,Gray; White,On ground,Eating; Approaches humans,,40.721768,-73.953192,
BROOKLYN,McCarren Park,B058,26/09/2020,B058-03,1,Gray; White,On ground,Running; Runs from humans,Ran in from baseball field,40.721662,-73.953278,
BROOKLYN,McCarren Park,B058,26/09/2020,B058-04,1,Gray; Cinnamon,Above Ground,Climbing; Runs from humans,,40.721857,-73.953139,
BROOKLYN,McCarren Park,B058,26/09/2020,B058-05,1,Cinnamon,On ground,Running; Approaches humans,Running around,40.721941,-73.952947,
BROOKLYN,McCarren Park,B058,26/09/2020,B058-06,1,Cinnamon,Above Ground,Climbing; Approaches humans,Perched up ô?¥î¥ came close to us!,40.722039,-73.952796,
BROOKLYN,McCarren Park,B058,26/09/2020,B058-07,1,Cinnamon,On ground,Chasing; Approaches humans,Skinny tail ô?¥î¥ was in the baseball field,40.72147,-73.952857,
BROOKLYN,McCarren Park,B058,26/09/2020,B058-08,1,Cinnamon; White,On ground,Running; Runs from humans,,40.721713,-73.95305,
BROOKLYN,McCarren Park,B058,26/09/2020,B058-09,1,Gray,"On ground, Specific Location: In a trash and metal heap next to baseball field","Eating, Foraging; Indifferent to humans",,40.721933,-73.953147,
BROOKLYN,McCarren Park,B058,26/09/2020,B058-10,1,"Gray; Cinnamon, White","Above Ground, Specific Location: in tree",Climbing; Runs from humans,Ran up a tree,40.722283,-73.953115,
BROOKLYN,McCarren Park,B058,26/09/2020,B058-11,1,Gray,On ground,Running; Runs from humans,Ran out of park,40.722698,-73.953198,
BROOKLYN,McCarren Park,B058,26/09/2020,B058-12,1,Gray; White,On ground,"Eating, Foraging; Indifferent to humans",Birds walking nearby,40.722819,-73.952095,
BROOKLYN,McCarren Park,B058,26/09/2020,B058-13,1,Gray; White,Above Ground,Climbing; Indifferent to humans,Ran from ground to tree,40.722966,-73.951987,
BROOKLYN,McCarren Park,B058,26/09/2020,B058-14,1,Cinnamon; White,"Above Ground, Specific Location: in short tree","Climbing, Sitting in short tree; Indifferent to humans",,40.723136,-73.951794,
BROOKLYN,McCarren Park,B058,26/09/2020,B058-15,1,Gray; White,"Above Ground, Specific Location: in tree",Eating; Indifferent to humans,,40.723071,-73.951697,
BROOKLYN,McCarren Park,B058,26/09/2020,B058-16,1,Cinnamon; Gray,"On ground, Specific Location: below park benches","Foraging, Jumping; Indifferent to humans",Great jumper,40.723006,-73.951655,
BROOKLYN,McCarren Park,B058,26/09/2020,B058-17,1,"Gray; Cinnamon, White",Above Ground,Chilling; Indifferent to humans,"Perched on branch, just hanging out",40.722962,-73.951752,
BROOKLYN,McCarren Park,B058,26/09/2020,B058-18,1,Cinnamon,Above Ground,Hanging; Indifferent to humans,Perched on branch,40.722603,-73.951449,
BROOKLYN,McCarren Park,B058,26/09/2020,B058-19,1,Cinnamon; Gray; White,Above Ground,"Running, Climbing","Very small, climbed from one tree to another",40.721247,-73.951609,
BROOKLYN,McCarren Park,B058,26/09/2020,B058-20,1,"Gray; Cinnamon, White",Above Ground,Climbing; Indifferent to humans,"Small, on tree on branch, two others below it",40.720606,-73.952769,
BROOKLYN,McCarren Park,B058,26/09/2020,B058-21,1,"Gray; Cinnamon, White",Above Ground,"Chasing, Climbing; Indifferent to humans","Started in middle of tree, started chasing others up in branches, jumped from branch to branch",40.720582,-73.952694,
BROOKLYN,McCarren Park,B058,26/09/2020,B058-22,1,"Gray; Cinnamon, White",Above Ground,Climbing; Indifferent to humans,One of three together on a tree,40.720533,-73.95272,
BROOKLYN,McCarren Park,B058,26/09/2020,B058-23,1,Gray; White,Above Ground,Climbing; Indifferent to humans,Jumped from one tree to next,40.720488,-73.952806,
BROOKLYN,McCarren Park,B058,26/09/2020,B058-24,1,Gray; White,On ground,"Eating, Foraging; Indifferent to humans",Dog chased it up a tree,40.720458,-73.954244,
BROOKLYN,McCarren Park,B058,26/09/2020,B058-25,1,"Gray; Cinnamon, White",On ground,Foraging; Skittish to humans,,40.720018,-73.953442,
BROOKLYN,McCarren Park,B058,26/09/2020,B058-26,1,Gray; White,On ground,"Running, Foraging; Indifferent to humans",Fast,40.720026,-73.953652,
BROOKLYN,McCarren Park,B058,26/09/2020,B058-27,1,Gray; Cinnamon,On ground,"Eating (bread crumbs), Foraging; Indifferent to humans",Near a lot of little birds,40.719777,-73.952774,
BROOKLYN,McCarren Park,B058,26/09/2020,B058-28,1,Gray; White,On ground,Running; Indifferent to humans,Running against fence,40.720114,-73.952768,
BROOKLYN,McCarren Park,B058,26/09/2020,B058-29,1,"Gray; Cinnamon, White",On ground,Hanging out; Runs from humans,"Standing at base of tree, then climbed up",40.719944,-73.952505,
BROOKLYN,McCarren Park,B058,26/09/2020,B058-30,1,Gray; White,On ground,Foraging; Indifferent to humans,,40.720448,-73.952521,
BROOKLYN,McCarren Park,B058,26/09/2020,B058-31,1,Cinnamon; White,On ground,Foraging; Indifferent to humans,Walking around bushes,40.720412,-73.952353,
BROOKLYN,McCarren Park,B058,26/09/2020,B058-32,1,"Gray; Cinnamon, White",On ground,Foraging; Indifferent to humans,A little on the robust side,40.720372,-73.952326,
BROOKLYN,McCarren Park,B058,26/09/2020,B058-33,1,Gray; Cinnamon,On ground,Foraging; Indifferent to humans,Busy digging for something,40.720749,-73.951891,
BROOKLYN,McCarren Park,B058,26/09/2020,B058-34,1,Cinnamon,Above Ground,Sleeping (Dead?); Indifferent to humans,"It almost looks dead. Eyes open, curled up into itself in a nook in a tree with #35.",40.721181,-73.951255,
BROOKLYN,McCarren Park,B058,26/09/2020,B058-35,1,Cinnamon,Above Ground,Sleeping (Dead?),Curled up together with #34. One big furry ball of squirrel.,40.721181,-73.951255,
BROOKLYN,McCarren Park,B058,26/09/2020,B058-36,1,Cinnamon; Gray,On ground,Eating (tortilla/chip),Pretty fat,40.72112,-73.95104,
BROOKLYN,McCarren Park,B058,26/09/2020,B058-37,1,Gray,On ground,Running; Indifferent to humans,"Turning around, trying to eat",40.721315,-73.950943,
BROOKLYN,McCarren Park,B058,26/09/2020,B058-38,1,"Gray; Cinnamon, White",On ground,?ating,Sitting next to #39 and eating,40.721258,-73.950799,
BROOKLYN,McCarren Park,B058,26/09/2020,B058-39,1,"Gray; Cinnamon, White",On ground,E@ting,Sitting next to #38 and eating,40.721217,-73.95077,
BROOKLYN,McCarren Park,B058,26/09/2020,B058-40,1,Cinnamon; White,On ground,Foraging; Indifferent to humans,Fluffy,40.721173,-73.950781,
BROOKLYN,McCarren Park,B058,26/09/2020,B058-41,1,Cinnamon,Above Ground,"Running, Foraging; Indifferent to humans",Skinny,40.721161,-73.950732,
BROOKLYN,McCarren Park,B058,26/09/2020,B058-42,1,Gray,Above Ground,Climbing; Indifferent to humans,Clinging to tree,40.721124,-73.950797,
BROOKLYN,McCarren Park,B058,26/09/2020,B058-43,1,Gray; White,Above Ground,"Running, Chasing, Climbing; Indifferent to humans",Playing with another squirrel in a tree,40.721026,-73.950765,
BROOKLYN,McCarren Park,B058,26/09/2020,B058-44,1,"Gray; Cinnamon, White",On ground,Foraging; Runs from humans,Ran very quickly,40.719376,-73.952326,
Total,,,,,433,,,,,,,
