interview_date,quest_no,start,end,district,ward,village,years_farm,no_membrs,respondent_roof_type,respondent_wall_type,respondent_floor_type,buildings_in_compound,rooms,no_plots,no_enough_water,months_no_water,liv_owned,liv_count,poultry,items_owned,no_meals,months_lack_food,gps_Latitude,gps_Longitude,gps_Altitude,instanceID
17-Nov-16,1,2017-03-23T09:49:57.000Z,2017-04-02T17:29:08.000Z,Manica,Bandula,God,11,3,grass,muddaub,earth,1,1,2,NULL,NULL,['poultry'],1,yes,['bicycle' ;  'television' ;  'solar_panel' ;  'table'],2,['Jan'],-19.11225943,33.48345609,698,uuid:ec241f2c-0609-46ed-b5e8-fe575f6cefef
17-Nov-16,1,2017-04-02T09:48:16.000Z,2017-04-02T17:26:19.000Z,Manica,Bandula,God,2,7,grass, muddaub,earth,1,1,3,yes,['Aug' ;  'Sept'],['oxen' ;  'cows' ;  'goats'],3,yes,['cow_cart' ;  'bicycle' ;  'radio' ;  'cow_plough' ;  'solar_panel' ;  'solar_torch' ;  'table' ;  'mobile_phone'],2,['Jan' ;  'Sept' ;  'Oct' ;  'Nov' ;  'Dec'],-19.11247712,33.48341568,690,uuid:099de9c9-3e5e-427b-8452-26250e840d6e
17-Nov-16,3,2017-04-02T14:35:26.000Z,2017-04-02T17:26:53.000Z,Manica,Bandula,God,40,10,mabatisloping, burntbricks,cement,1,1,1,NULL,NULL,['none'],1,yes,['solar_torch'],2,['Jan' ;  'Feb' ;  'Mar' ;  'Oct' ;  'Nov' ;  'Dec'],-19.1121076,33.48344998,674,uuid:193d7daf-9582-409b-bf09-027dd36f9007
17-Nov-16,4,2017-04-02T14:55:18.000Z,2017-04-02T17:27:16.000Z,Manica,Bandula,God,6,7,mabatisloping, burntbricks,earth,1,1,3,NULL,NULL,['oxen' ;  'cows'],2,yes,['bicycle' ;  'radio' ;  'cow_plough' ;  'solar_panel' ;  'mobile_phone'],2,['Sept' ;  'Oct' ;  'Nov' ;  'Dec'],-19.11222901,33.48342395,679,uuid:148d1105-778a-4755-aa71-281eadd4a973
17-Nov-16,5,2017-04-02T15:10:35.000Z,2017-04-02T17:27:35.000Z,Manica,Bandula,God,18,7,grass,burntbricks,earth,1,1,2,NULL,NULL,['oxen' ;  'cows' ;  'goats' ;  'poultry'],4,yes,['motorcyle' ;  'radio' ;  'cow_plough' ;  'mobile_phone'],2,['Aug' ;  'Sept' ;  'Oct' ;  'Nov'],-19.11221722,33.48342524,689,uuid:2c867811-9696-4966-9866-f35c3e97d02d
17-Nov-16,6,2017-04-02T15:27:25.000Z,2017-04-02T17:28:02.000Z,Manica,Bandula,God,3,3,grass,muddaub,earth,1,1,1,NULL,NULL,['none'],1,no,NULL,2,['Aug' ;  'Sept' ;  'Oct'],-19.1121959,33.48339187,692,uuid:daa56c91-c8e3-44c3-a663-af6a49a2ca70
17-Nov-16,7,2017-04-02T15:38:01.000Z,2017-04-02T17:28:19.000Z,Manica,Bandula,God,20,6,grass,muddaub,earth,1,1,4,yes,['Aug' ;  'Sept' ;  'Oct'],['oxen'],1,no,['motorcyle' ;  'cow_plough'],3,['Nov'],-19.11221904,33.48336498,709,uuid:ae20a58d-56f4-43d7-bafa-e7963d850844
16-Nov-16,8,2017-04-02T15:59:52.000Z,2017-04-02T17:28:39.000Z,Manica,Manica,Chirdozo,16,12,mabatisloping,burntbricks,cement,2,3,2,yes,['Sept' ;  'Oct'],['oxen' ;  'goats'],2,yes,['motorcyle' ;  'bicycle' ;  'television' ;  'radio' ;  'cow_plough' ;  'solar_panel' ;  'solar_torch' ;  'table' ;  'fridge'],2,['Jan'],-19.11215963,33.48341914,700,uuid:d6cee930-7be1-4fd9-88c0-82a08f90fb5a
16-Nov-16,9,2017-04-02T16:23:36.000Z,2017-04-02T16:42:08.000Z,Manica,Bandula,Chirodzo,16,8,grass,burntbricks,earth,2,1,3,yes,['Oct' ;  'Nov'],['oxen' ;  'cows' ;  'goats'],3,yes,['television' ;  'solar_panel' ;  'solar_torch'],3,['Jan' ;  'Dec'],-19.11221518,33.48343695,701,uuid:846103d2-b1db-4055-b502-9cd510bb7b37
16-Dec-16,10,2017-04-02T17:03:28.000Z,2017-04-02T17:25:11.000Z,Manica,Bandula,Chirodzo,22,12,mabatisloping,burntbricks,cement,1,5,2,yes,['Sept' ;  'Oct' ;  'Nov'],['oxen' ;  'cows'],2,yes,['cow_cart' ;  'motorcyle' ;  'bicycle' ;  'television' ;  'radio' ;  'cow_plough' ;  'solar_panel' ;  'solar_torch' ;  'table'],3,['Jan' ;  'Oct' ;  'Nov' ;  'Dec'],,33.48339436,710,uuid:8f4e49bc-da81-4356-ae34-e0d794a23721
21-Nov-16,11,2017-04-03T03:16:15.000Z,2017-04-03T03:31:10.000Z,Manica,Bandula,God,6,6,grass,sunbricks,earth,2,1,2,NULL,NULL,['oxen' ;  'cows'],2,no,['radio' ;  'cow_plough'],2,['Oct' ;  'Nov'],-19.11219126,33.48345933,707,uuid:d29b44e3-3348-4afc-aa4d-9eb34c89d483
21-Nov-16,12,2017-04-03T03:31:13.000Z,2017-04-03T03:58:34.000Z,Manica,Bandula,God,20,7,mabatisloping,burntbricks,cement,2,3,2,yes,['Aug' ;  'Sept' ;  'Oct' ;  'Nov'],['oxen' ;  'cows'],2,yes,['cow_cart' ;  'bicycle' ;  'radio' ;  'cow_plough' ;  'table'],3,['Sept' ;  'Oct'],-19.11229465,33.48341504,696,uuid:e6ee6269-b467-4e37-91fc-5e9eaf934557
21-Nov-16,13,2017-04-03T03:58:43.000Z,2017-04-03T04:19:36.000Z,MAN,Bandula,God,7,6,grass,burntbricks,earth,1,1,4,yes,['Oct'],['cows' ;  'goats' ;  'poultry'],3,yes,['bicycle' ;  'radio' ;  'cow_plough' ;  'mobile_phone'],2,['Sept' ;  'Oct' ;  'Nov'],-19.11236935,33.48355635,706,uuid:6c00c145-ee3b-409c-8c02-2c8d743b6918
21-Nov-16,14,2017-04-03T04:19:57.000Z,2017-04-03T04:50:05.000Z,Manica,Bandula,God,20,10,grass,burntbricks,earth,3,3,3,NULL,NULL,['oxen' ;  'cows' ;  'goats'],3,yes,['bicycle' ;  'radio' ;  'cow_plough' ;  'solar_panel' ;  'table' ;  'mobile_phone'],3,['June' ;  'July' ;  'Aug' ;  'Sept' ;  'Oct' ;  'Nov'],-19.11222089,33.4834388,698,uuid:9b21467f-1116-4340-a3b1-1ab64f13c87d
21-Nov-16,15,2017-04-03T05:12:17.000Z,2017-04-03T05:28:44.000Z,Manica,Bandula,God,30,5,grass,sunbricks,earth,1,2,3,yes,['Sept' ;  'Oct' ;  'Nov'],['oxen' ;  'cows' ;  'goats'],3,yes,['bicycle' ;  'radio' ;  'cow_plough' ;  'solar_panel' ;  'table'],2,['Jan' ;  'Feb' ;  'Mar' ;  'Apr' ;  'May' ;  'June' ;  'July' ;  'Aug' ;  'Sept' ;  'Oct' ;  'Nov'],-19.1120793,33.48339657,715,uuid:a837e545-ff86-4a1c-a1a5-6186804b985f
24-Nov-16,16,2017-04-03T05:29:24.000Z,2017-04-03T05:40:53.000Z,Manica,Bandula,God,24,6,grass,muddaub,earth,2,1,1,NULL,NULL,['oxen' ;  'cows' ;  'goats' ;  'poultry'],4,no,['radio' ;  'cow_plough' ;  'solar_panel' ;  'solar_torch'],3,['Jan' ;  'Feb'],-19.11210678,33.48344397,709,uuid:d17db52f-4b87-4768-b534-ea8f9704c565
21-Nov-16,17,2017-04-03T05:41:42.000Z,2017-04-03T05:57:57.000Z,Manica,Bandula,God,10,8,grass,sunbricks,earth,2,1,3,NULL,NULL,['goats'],1,no,['mobile_phone'],2,['Nov' ;  'Dec'],-19.11218314,33.48346325,710,uuid:4707f3dc-df18-4348-9c2c-eec651e89b6b
21-Nov-16,18,2017-04-03T12:27:04.000Z,2017-04-03T12:39:48.000Z,Manica,Bandula,God,6,4,grass,muddaub,earth,1,1,2,NULL,NULL,['goats' ;  'pigs' ;  'poultry'],3,yes,['bicycle' ;  'mobile_phone'],2,['Oct' ;  'Nov'],-19.11133515,33.47630848,685,uuid:7ffe7bd1-a15c-420c-a137-e1f006c317a3
21-Nov-16,19,2017-04-03T12:40:14.000Z,2017-04-03T12:53:29.000Z,Manica,Bandula,God,20,9,mabatisloping,burntbricks,earth,1,2,2,NULL,NULL,['oxen' ;  'goats'],2,yes,['bicycle' ;  'radio' ;  'cow_plough' ;  'solar_panel' ;  'solar_torch' ;  'mobile_phone'],3,['Oct' ;  'Nov' ;  'Dec'],-19.11142642,33.47640837,716,uuid:e32f2dc0-0d05-42fb-8e21-605757ddf07d
21-Nov-16,20,2017-04-03T14:04:50.000Z,2017-04-03T14:20:04.000Z,Manica,Bandula,God,24,6,grass,burntbricks,earth,1,1,2,NULL,NULL,['cows'],1,yes,['bicycle' ;  'cow_plough' ;  'solar_torch'],2,['Oct' ;  'Nov'],-19.11147317,33.47619213,700,uuid:d1005274-bf52-4e79-8380-3350dd7c2bac
21-Nov-16,21,2017-04-03T14:24:58.000Z,2017-04-03T14:44:39.000Z,Manica,Bandula,God,20,8,mabatisloping,burntbricks,cement,1,1,4,yes,['Oct'],['oxen' ;  'cows' ;  'goats'],3,yes,NULL,2,['Jan' ;  'Feb' ;  'Mar' ;  'Oct' ;  'Nov' ;  'Dec'],-19.11155014,33.47623134,707,uuid:6570a7d0-6a0b-452c-aa2e-922500e35749
21-Nov-16,22,2017-04-03T16:28:52.000Z,2017-04-03T16:40:47.000Z,Manica,Bandula,God,14,4,grass,muddaub,earth,1,1,1,NULL,NULL,['goats'],1,yes,['radio'],2,['Jan' ;  'Feb' ;  'Mar' ;  'Apr' ;  'Aug' ;  'Sept' ;  'Oct' ;  'Nov' ;  'Dec'],-19.11212691,33.48350764,722,uuid:a51c3006-8847-46ff-9d4e-d29919b8ecf9
21-Nov-16,23,2017-04-03T16:41:04.000Z,2017-04-03T17:04:28.000Z,Manica,Bandula,Ruaca,12,10,mabatisloping,burntbricks,cement,1,4,2,NULL,NULL,['oxen' ;  'cows' ;  'goats'],3,yes,['cow_cart' ;  'bicycle' ;  'television' ;  'radio' ;  'cow_plough' ;  'solar_panel' ;  'electricity' ;  'mobile_phone'],3,['none'],-19.11219352,33.4833833,699,uuid:58b37b6d-d6cd-4414-8790-b9c68bca98de
21-Nov-16,24,2017-04-03T17:19:49.000Z,2017-04-03T17:43:01.000Z,Manica,Bandula,Ruaca,8,6,mabatisloping,burntbricks,cement,2,2,3,yes,['Sept' ;  'Oct'],['oxen' ;  'cows' ;  'goats'],3,no,['radio' ;  'table' ;  'sofa_set' ;  'mobile_phone'],2,['Nov' ;  'Dec'],-19.11218803,33.48343475,745,uuid:661457d3-7e61-45e8-a238-7415e7548f82
21-Nov-16,25,2017-04-04T04:01:58.000Z,2017-04-04T04:29:47.000Z,Manica,Bandula,Ruaca,10,11,mabatisloping,burntbricks,cement,2,3,3,yes,['Aug' ;  'Sept'],['oxen' ;  'cows'],2,yes,['cow_cart' ;  'motorcyle' ;  'television' ;  'radio' ;  'cow_plough' ;  'solar_panel' ;  'solar_torch' ;  'table' ;  'sofa_set' ;  'mobile_phone'],2,['Jan' ;  'Feb' ;  'Oct'],-19.11223416,33.4834841,698,uuid:45ed84c4-114e-4df0-9f5d-c800806c2bee
21-Nov-16,26,2017-04-04T04:30:19.000Z,2017-04-04T04:44:19.000Z,Manica,Bandula,Ruaca,2,3,mabatisloping,burntbricks,earth,2,2,2,yes,['Oct' ;  'Nov'],['oxen' ;  'cows'],2,yes,['radio' ;  'cow_plough' ;  'table' ;  'mobile_phone'],2,['none'],-19.11230411,33.48354341,706,uuid:1c54ee24-22c4-4ee9-b1ad-42d483c08e2e
21-Nov-16,27,2017-04-05T04:59:42.000Z,2017-04-05T05:14:45.000Z,Manica,Bandula,Ruaca,36,7,grass,burntbricks,earth,3,2,2,NULL,NULL,['oxen' ;  'cows' ;  'poultry'],3,yes,['bicycle' ;  'radio' ;  'cow_plough' ;  'solar_panel' ;  'solar_torch' ;  'mobile_phone'],3,['none'],-19.0430007,33.40508367,679,uuid:3197cded-1fdc-4c0c-9b10-cfcc0bf49c4d
21-Nov-16,28,2017-04-05T05:14:49.000Z,2017-04-05T05:36:18.000Z,Manica,Bandula,Ruaca,2,2,grass,muddaub,earth,1,1,3,yes,['Aug' ;  'Sept' ;  'Oct' ;  'Nov'],['none'],1,yes,NULL,3,['Aug' ;  'Sept' ;  'Oct'],-19.04290893,33.40506932,721,uuid:1de53318-a8cf-4736-99b1-8239f8822473
21-Nov-16,29,2017-04-05T05:37:30.000Z,2017-04-05T06:05:44.000Z,Manica,Bandula,Ruaca,10,7,mabatisloping,burntbricks,earth,1,2,3,yes,['Sept' ;  'Oct' ;  'Nov'],['goats'],1,yes,['motorcyle' ;  'bicycle' ;  'radio' ;  'table' ;  'mobile_phone'],3,['Jan' ;  'Feb'],-19.04302413,33.40507276,657,uuid:adcd7463-8943-4c67-b25f-f72311409476
21-Nov-16,30,2017-04-05T06:05:58.000Z,2017-04-05T06:20:39.000Z,Manica,Bandula,Ruaca,22,7,grass,muddaub,earth,1,2,1,NULL,NULL,['none'],1,no,['bicycle' ;  'radio' ;  'mobile_phone'],2,['Jan' ;  'Feb'],-19.04300478,33.40505449,669,uuid:59341ead-92be-45a9-8545-6edf9f94fdc6
21-Nov-16,31,2017-04-05T06:21:20.000Z,2017-04-05T06:38:26.000Z,Manica,Bandula,Ruaca,15,3,grass,muddaub,earth,7,1,1,NULL,NULL,['none'],1,no,NULL,3,['none'],-19.04302176,33.40509382,704,uuid:cb06eb49-dd39-4150-8bbe-a599e074afe8
21-Nov-16,32,2017-04-05T06:38:55.000Z,2017-04-05T08:05:32.000Z,Manica,Bandula,Ruaca,53,19,mabatipitched,muddaub,earth,8,2,8,yes,['Sept' ;  'Oct'],['oxen' ;  'cows' ;  'goats' ;  'pigs' ;  'poultry'],5,yes,['cow_cart' ;  'motorcyle' ;  'radio' ;  'cow_plough' ;  'solar_panel' ;  'mobile_phone'],2,['none'],-19.04411399,33.40390565,703,uuid:25597af3-cd79-449c-a48a-fb9aea6c48bf
21-Nov-16,33,2017-04-05T08:08:19.000Z,2017-04-05T08:25:48.000Z,Manica,Bandula,Ruaca,20,8,grass,muddaub,cement,2,1,2,yes,['Aug' ;  'Sept' ;  'Oct'],['oxen' ;  'poultry'],2,yes,['cow_cart' ;  'lorry' ;  'motorcyle' ;  'sterio' ;  'cow_plough' ;  'solar_panel' ;  'mobile_phone'],2,['none'],-19.04414887,33.40383602,695,uuid:0fbd2df1-2640-4550-9fbd-7317feaa4758
17-Nov-16,34,2017-04-05T16:00:47.000Z,2017-04-05T16:21:59.000Z,Manica,Bandula,Chirodzo,18,8,mabatisloping,burntbricks,cement,2,3,2,yes,['Oct' ;  'Nov'],['oxen' ;  'cows' ;  'goats'],3,yes,['television' ;  'radio' ;  'cow_plough' ;  'solar_panel' ;  'solar_torch' ;  'table' ;  'mobile_phone'],2,['Jan' ;  'Dec'],-19.11219065,33.48341559,706,uuid:14c78c45-a7cc-4b2a-b765-17c82b43feb4
17-Nov-16,35,2017-04-05T16:22:13.000Z,2017-04-05T16:50:25.000Z,Manica,Bandula,Chirodzo,45,5,grass,muddaub,earth,3,1,2,yes,['Sept' ;  'Oct' ;  'Nov'],['oxen' ;  'cows'],2,yes,['bicycle' ;  'cow_plough'],3,['Jan' ;  'Sept' ;  'Oct' ;  'Nov' ;  'Dec'],-19.11211362,33.48342515,733,uuid:ff7496e7-984a-47d3-a8a1-13618b5683ce
17-Nov-16,36,2017-04-05T16:50:48.000Z,2017-04-05T17:10:53.000Z,Manica,Bandula,Chirodzo,23,6,mabatisloping,sunbricks,earth,1,1,3,no,NULL,['oxen' ;  'cows' ;  'pigs'],3,no,['cow_cart' ;  'bicycle' ;  'radio' ;  'cow_plough' ;  'solar_panel' ;  'mobile_phone'],3,['none'],-19.11218058,33.4833843,710,uuid:c90eade0-1148-4a12-8c0e-6387a36f45b1
17-Nov-16,37,2017-04-05T17:17:48.000Z,2017-04-05T17:26:51.000Z,Manica,Bandula,Chirodzo,8,3,mabatisloping,burntbricks,earth,3,1,1,NULL,NULL,['oxen' ;  'cows'],2,yes,['bicycle' ;  'television' ;  'radio' ;  'cow_plough' ;  'solar_panel' ;  'solar_torch' ;  'mobile_phone'],3,['Jan' ;  'Nov' ;  'Dec'],-19.11217951,33.48339525,711,uuid:408c6c93-d723-45ef-8dee-1b1bd3fe20cd
17-Nov-16,38,2017-04-05T17:28:12.000Z,2017-04-05T17:50:57.000Z,Manica,Bandula,God,19,10,grass,muddaub,earth,3,1,2,yes,['Sept' ;  'Oct'],['oxen' ;  'cows' ;  'goats'],3,yes,['bicycle' ;  'radio' ;  'cow_plough' ;  'solar_panel' ;  'table' ;  'mobile_phone'],3,['Nov'],-19.11222939,33.48337467,696,uuid:81309594-ff58-4dc1-83a7-72af5952ee08
17-Nov-16,39,2017-04-06T08:31:17.000Z,2017-04-06T08:44:47.000Z,Manica,Bandula,God,22,6,mabatisloping,muddaub,earth,1,1,1,NULL,NULL,['oxen'],1,yes,NULL,3,['Nov'],-19.0433618,33.4046671,0,uuid:c0fb6310-55af-4831-ae3d-2729556c3285
17-Nov-16,40,2017-04-06T08:44:51.000Z,2017-04-06T09:03:47.000Z,Manica,Bandula,God,23,9,grass,burntbricks,earth,1,1,2,yes,['Sept' ;  'Oct'],['oxen'],1,yes,['bicycle' ;  'radio' ;  'cow_plough' ;  'solar_panel' ;  'table' ;  'mobile_phone'],3,['Sept' ;  'Oct' ;  'Nov'],-19.0433618,33.4046671,0,uuid:c0b34854-eede-4e81-b183-ef58a45bfc34
17-Nov-16,41,2017-04-06T09:03:50.000Z,2017-04-06T09:14:05.000Z,Manica,Bandula,God,22,7,grass,muddaub,earth,1,1,1,NULL,NULL,['oxen' ;  'poultry'],2,no,['motorcyle' ;  'bicycle' ;  'radio' ;  'cow_plough' ;  'table'],3,['Oct' ;  'Nov'],-19.04339398,33.40485363,679,uuid:b3ba34d8-eea1-453d-bc73-c141bcbbc5e5
17-Nov-16,42,2017-04-06T09:14:22.000Z,2017-04-06T09:30:54.000Z,MAN,Bandula,God,8,8,grass,sunbricks,earth,1,1,2,yes,['Aug' ;  'Sept'],['cows' ;  'goats' ;  'poultry'],3,yes,['mobile_phone'],3,['Jan' ;  'Nov' ;  'Dec'],-19.04346041,33.40484617,699,uuid:e3a1dd8a-1bda-428c-a014-2b527f11ae64
17-Nov-16,43,2017-04-06T09:31:56.000Z,2017-04-06T09:53:53.000Z,Manica,Bandula,Chirodzo,3,7,grass,muddaub,earth,2,1,4,no,NULL,['oxen' ;  'cows'],2,no,['cow_plough' ;  'mobile_phone'],2,['Jan' ;  'Feb' ;  'Oct' ;  'Nov' ;  'Dec'],-19.04303063,33.40472726,605,uuid:b4dff49f-ef27-40e5-a9d1-acf287b47358
17-Nov-16,44,2017-04-06T14:44:32.000Z,2017-04-06T14:53:01.000Z,Manica,Bandula,Chirodzo,3,2,grass,muddaub,earth,2,1,1,NULL,NULL,['oxen' ;  'cows' ;  'poultry'],3,yes,['radio' ;  'solar_torch'],2,['Jan' ;  'Dec'],-19.04315107,33.40458039,716,uuid:f9fadf44-d040-4fca-86c1-2835f79c4952
17-Nov-16,45,2017-04-06T14:53:04.000Z,2017-04-06T15:11:57.000Z,Manica,Bandula,Chirodzo,25,9,grass,muddaub,earth,2,1,3,yes,['Sept' ;  'Oct'],['oxen' ;  'cows' ;  'goats' ;  'poultry'],4,no,['motorcyle' ;  'bicycle' ;  'television' ;  'radio' ;  'cow_plough' ;  'solar_panel' ;  'solar_torch' ;  'table' ;  'mobile_phone'],3,['none'],-19.04312371,33.40466493,703,uuid:e3554d22-35b1-4fb9-b386-dd5866ad5792
17-Nov-16,46,2017-04-06T15:19:41.000Z,2017-04-06T15:45:32.000Z,Manica,Bandula,Chirodzo,21,10,mabatisloping,burntbricks,cement,3,2,5,yes,['Aug' ;  'Sept' ;  'Oct'],['oxen' ;  'poultry'],2,no,['motorcyle' ;  'computer' ;  'television' ;  'sterio' ;  'solar_panel' ;  'solar_torch' ;  'table' ;  'mobile_phone'],2,['Sept' ;  'Oct' ;  'Nov'],-19.04307032,33.40458421,703,uuid:35f297e0-aa5d-4149-9b7b-4965004cfc37
17-Nov-16,47,2017-04-07T14:05:25.000Z,2017-04-07T14:19:45.000Z,Manica,Bandula,Chirodzo,2,2,grass,muddaub,earth,1,1,2,yes,['Sept' ;  'Oct' ;  'Nov'],['none'],1,no,['solar_torch' ;  'mobile_phone'],3,['none'],-19.11226093,33.48339791,689,uuid:2d0b1936-4f82-4ec3-a3b5-7c3c8cd6cc2b
16-Nov-16,48,2017-04-07T14:19:49.000Z,2017-04-07T14:40:23.000Z,Manica,Bandula,Chirodzo,48,7,grass,muddaub,earth,1,1,1,NULL,NULL,['oxen' ;  'cows' ;  'poultry'],3,yes,['radio'],3,['June' ;  'July' ;  'Aug' ;  'Sept' ;  'Oct' ;  'Nov'],-19.11222978,33.48353345,689,uuid:e180899c-7614-49eb-a97c-40ed013a38a2
16-Nov-16,49,2017-04-07T14:43:09.000Z,2017-04-07T14:55:51.000Z,Manica,Bandula,Gid,12,6,mabatisloping,burntbricks,earth,2,2,1,NULL,NULL,['goats' ;  'poultry'],2,yes,['bicycle' ;  'radio' ;  'cow_plough' ;  'solar_panel' ;  'solar_torch' ;  'table' ;  'mobile_phone'],3,['Jan' ;  'Nov' ;  'Dec'],-19.11228265,33.48334844,694,uuid:2303ebc1-2b3c-475a-8916-b322ebf18440
16-Nov-16,50,2017-04-07T14:56:01.000Z,2017-04-07T15:26:23.000Z,Manica,Bandula,Chirodzo,6,6,grass,muddaub,earth,1,1,1,yes,['Sept' ;  'Oct'],['poultry'],1,yes,['solar_torch'],2,['June' ;  'July' ;  'Aug' ;  'Sept' ;  'Oct' ;  'Nov' ;  'Dec'],-19.11220496,33.48344521,718,uuid:4267c33c-53a7-46d9-8bd6-b96f58a4f92c
16-Nov-16,51,2017-04-07T15:27:45.000Z,2017-04-07T15:39:10.000Z,MAN,Bandula,Chirodzo,11,5,grass,muddaub,cement,1,1,1,NULL,NULL,['poultry'],1,no,['radio'],3,['Oct' ;  'Nov'],-19.11221446,33.48338443,709,uuid:18ac8e77-bdaf-47ab-85a2-e4c947c9d3ce
16-Nov-16,52,2017-04-08T04:44:09.000Z,2017-04-08T05:02:58.000Z,Manica,Bandula,Chirodzo,15,11,mabatisloping,burntbricks,cement,1,3,1,yes,['Sept' ;  'Oct' ;  'Nov'],['oxen' ;  'cows' ;  'poultry'],3,yes,['motorcyle' ;  'television' ;  'radio' ;  'cow_plough' ;  'solar_panel' ;  'mobile_phone'],3,['Aug' ;  'Sept' ;  'Oct' ;  'Nov'],-19.11223637,33.48335287,694,uuid:6db55cb4-a853-4000-9555-757b7fae2bcf
16-Nov-16,21,2017-04-08T05:03:08.000Z,2017-04-08T05:33:51.000Z,Manica,Bandula,Chirodzo,16,8,mabatisloping,burntbricks,cement,2,3,3,yes,['Aug' ;  'Sept' ;  'Oct'],['oxen' ;  'goats'],2,yes,['bicycle' ;  'radio' ;  'mobile_phone'],2,['Nov'],-19.11216571,33.48343865,687,uuid:cc7f75c5-d13e-43f3-97e5-4f4c03cb4b12
16-Nov-16,54,2017-04-08T05:36:55.000Z,2017-04-08T05:52:15.000Z,Manica,Bandula,Chirodzo,10,7,grass,muddaub,earth,3,1,1,yes,['Aug' ;  'Sept' ;  'Oct' ;  'Nov' ;  'Dec'],['none'],1,yes,NULL,2,['Sept' ;  'Oct' ;  'Nov'],-19.11220247,33.48335527,681,uuid:273ab27f-9be3-4f3b-83c9-d3e1592de919
16-Nov-16,55,2017-04-08T05:52:32.000Z,2017-04-08T06:05:41.000Z,Manica,Bandula,Chirodzo,23,9,grass,muddaub,earth,2,2,1,NULL,NULL,['goats'],1,yes,['television' ;  'cow_plough' ;  'mobile_phone'],2,['Oct' ;  'Nov'],-19.11228974,33.48333393,702,uuid:883c0433-9891-4121-bc63-744f082c1fa0
16-Nov-16,56,2017-04-08T06:05:59.000Z,2017-04-08T06:26:12.000Z,Manica,Bandula,Chirodzo,23,12,mabatisloping,burntbricks,cement,4,2,2,yes,['Sept' ;  'Oct'],['oxen' ;  'goats'],2,yes,['motorcyle' ;  'bicycle' ;  'mobile_phone'],3,['none'],-19.11217264,33.48341837,689,uuid:973c4ac6-f887-48e7-aeaf-4476f2cfab76
16-Nov-16,57,2017-04-08T06:26:22.000Z,2017-04-08T06:39:40.000Z,Manica,Bandula,Chirodzo,20,4,grass,burntbricks,earth,4,1,2,no,NULL,['none'],1,no,['radio'],2,['none'],-19.11227947,33.48338576,695,uuid:a7184e55-0615-492d-9835-8f44f3b03a71
16-Nov-16,58,2017-04-08T08:25:49.000Z,2017-04-08T08:48:51.000Z,Manica,Bandula,Chirodzo,35,11,mabatisloping,burntbricks,earth,5,3,3,no,NULL,['oxen' ;  'cows' ;  'goats'],3,no,['motorcyle' ;  'bicycle' ;  'television' ;  'radio' ;  'cow_plough' ;  'solar_panel' ;  'mobile_phone'],2,['none'],-19.1121758,33.48332076,723,uuid:a7a3451f-cd0d-4027-82d9-8dcd1234fcca
16-Nov-16,59,2017-04-08T08:52:05.000Z,2017-04-08T09:02:34.000Z,Manica,Bandula,Chirodzo,60,2,grass,muddaub,earth,1,3,2,NULL,NULL,['oxen' ;  'cows' ;  'poultry'],3,no,NULL,2,['none'],-19.1123395,33.48333251,683,uuid:1936db62-5732-45dc-98ff-9b3ac7a22518
16-Nov-16,60,2017-04-08T09:03:01.000Z,2017-04-08T09:20:18.000Z,Bandula,Bandula,Chirodzo,12,8,grass,burntbricks,earth,3,2,3,yes,['Aug' ;  'Sept' ;  'Oct'],['oxen' ;  'cows' ;  'goats' ;  'poultry'],4,yes,['cow_plough'],2,['none'],,33.48341208,694,uuid:85465caf-23e4-4283-bb72-a0ef30e30176
16-Nov-16,61,2017-04-08T10:47:11.000Z,2017-04-08T11:14:09.000Z,Manica,Bandula,Chirodzo,14,10,grass,muddaub,earth,4,1,2,yes,['Aug' ;  'Sept' ;  'Oct'],['oxen' ;  'cows' ;  'goats'],3,yes,['cow_cart' ;  'motorcyle' ;  'bicycle' ;  'television' ;  'radio' ;  'cow_plough' ;  'solar_panel' ;  'table' ;  'mobile_phone'],3,['Jan' ;  'Feb' ;  'Dec'],-19.11218035,33.48341635,712,uuid:2401cf50-8859-44d9-bd14-1bf9128766f2
16-Nov-16,62,2017-04-08T13:27:58.000Z,2017-04-08T13:41:21.000Z,Manica,Bandula,Chirodzo,5,5,grass,muddaub,earth,3,1,2,NULL,NULL,['none'],1,no,['bicycle' ;  'radio' ;  'mobile_phone'],3,['Aug' ;  'Sept' ;  'Oct' ;  'Nov'],-19.11216869,33.48339699,719,uuid:c6597ecc-cc2a-4c35-a6dc-e62c71b345d6
16-Nov-16,63,2017-04-08T13:41:39.000Z,2017-04-08T13:52:07.000Z,Manica,Bandula,Chirodzo,1,4,grass,muddaub,earth,1,1,1,NULL,NULL,['none'],1,no,NULL,3,['Jan' ;  'Oct' ;  'Nov' ;  'Dec'],-19.11220024,33.4833903,702,uuid:86ed4328-7688-462f-aac7-d6518414526a
16-Nov-16,64,2017-04-08T13:52:30.000Z,2017-04-08T14:02:24.000Z,Manica,Bandula,Chirodzo,1,6,grass,muddaub,earth,2,1,2,NULL,NULL,['goats'],1,yes,['bicycle' ;  'solar_torch' ;  'table' ;  'sofa_set' ;  'mobile_phone'],3,['Jan' ;  'Feb' ;  'Dec'],-19.1121962,33.48339576,704,uuid:28cfd718-bf62-4d90-8100-55fafbe45d06
16-Nov-16,65,2017-04-08T14:02:49.000Z,2017-04-08T14:15:45.000Z,Manica,Bandula,Chirodzo,20,8,mabatisloping,burntbricks,earth,2,3,2,yes,['Sept' ;  'Oct' ;  'Nov'],['oxen' ;  'cows' ;  'goats'],3,yes,['motorcyle' ;  'radio' ;  'cow_plough' ;  'table'],3,['Jan' ;  'Feb' ;  'Mar'],-19.11221474,33.48341209,706,uuid:143f7478-0126-4fbc-86e0-5d324339206b
16-Nov-16,66,2017-04-08T21:09:38.000Z,2017-04-08T21:33:45.000Z,Manica,Bandula,Chirodzo,16,10,mabatipitched,burntbricks,cement,5,3,1,yes,['Aug' ;  'Sept' ;  'Oct'],['oxen' ;  'cows' ;  'goats' ;  'donkeys'],4,yes,['cow_cart' ;  'motorcyle' ;  'bicycle' ;  'television' ;  'radio' ;  'cow_plough' ;  'solar_panel' ;  'solar_torch' ;  'mobile_phone'],3,['none'],-19.1121722,33.48339142,702,uuid:a457eab8-971b-4417-a971-2e55b8702816
16-Nov-16,67,2017-04-08T21:34:23.000Z,2017-04-08T21:49:02.000Z,Manica,Bandula,Chirodzo,9,5,mabatipitched,burntbricks,cement,1,2,1,yes,['Oct' ;  'Nov'],['oxen' ;  'cows' ;  'goats' ;  'donkeys'],4,yes,['motorcyle' ;  'radio' ;  'cow_plough' ;  'solar_panel' ;  'mobile_phone'],3,['none'],-19.11209398,33.48338805,717,uuid:6c15d667-2860-47e3-a5e7-7f679271e419
16-Nov-16,68,2017-04-08T21:49:40.000Z,2017-04-09T22:06:57.000Z,Manica,Bandula,Chirodzo,21,8,mabatipitched,burntbricks,earth,3,3,3,yes,['Nov' ;  'Dec'],['oxen' ;  'cows' ;  'goats'],3,yes,['motorcyle' ;  'television' ;  'sterio' ;  'solar_panel' ;  'mobile_phone'],3,['none'],-19.11214985,33.4834782,710,uuid:ef04b3eb-b47d-412e-9b09-4f5e08fc66f9
16-Nov-16,69,2017-04-09T22:08:07.000Z,2017-04-09T22:21:08.000Z,Manica,Bandula,Chirodzo,12,4,grass,muddaub,earth,2,1,1,yes,['Nov' ;  'Dec'],['goats'],1,yes,['bicycle' ;  'radio' ;  'solar_torch' ;  'mobile_phone'],3,['none'],-19.11216693,33.48340465,708,uuid:f86933a5-12b8-4427-b821-43c5b039401d
16-Nov-16,70,2017-04-09T22:21:23.000Z,2017-04-09T22:40:57.000Z,Manica,Bandula,Chirodzo,20,8,mabatipitched,burntbricks,earth,2,2,3,yes,['Aug' ;  'Sept'],['oxen' ;  'cows' ;  'goats' ;  'poultry'],4,no,['cow_cart' ;  'bicycle' ;  'radio' ;  'cow_plough' ;  'solar_panel' ;  'mobile_phone'],2,['none'],-19.11217415,33.48341471,707,uuid:1feb0108-4599-4bf9-8a07-1f5e66a50a0a
18-Nov-16,71,2017-04-09T15:00:19.000Z,2017-04-09T15:19:22.000Z,Manica,Bandula,Ruaca,12,6,grass,burntbricks,earth,1,1,2,yes,['Sept' ;  'Oct' ;  'Nov'],['oxen' ;  'goats' ;  'poultry'],3,no,['radio' ;  'cow_plough' ;  'mobile_phone'],2,['Aug' ;  'Sept' ;  'Oct' ;  'Nov'],-19.11220603,33.48332601,696,uuid:761f9c49-ec93-4932-ba4c-cc7b78dfcef1
16-Nov-16,127,2017-04-09T05:16:06.000Z,2017-04-09T05:27:41.000Z,Manica,Bandula,Chirodzo,10,4,grass,burntbricks,earth,3,8,1,NULL,NULL,['pigs'],1,no,['mobile_phone'],2,['Aug' ;  'Sept' ;  'Oct'],-19.11221396,33.48341359,676,uuid:f6d04b41-b539-4e00-868a-0f62b427587d
23-Nov-16,133,2017-04-09T05:27:46.000Z,2017-04-09T05:43:51.000Z,Manica,Bandula,Ruaca,2,5,mabatisloping,burntbricks,earth,1,2,1,yes,['Nov'],['oxen' ;  'cows' ;  'goats' ;  'sheep' ;  'poultry'],5,yes,['cow_cart' ;  'car' ;  'lorry' ;  'motorcyle' ;  'bicycle' ;  'television' ;  'sterio' ;  'cow_plough' ;  'solar_panel' ;  'solar_torch' ;  'electricity' ;  'table' ;  'sofa_set' ;  'mobile_phone' ;  'fridge'],3,['Jan' ;  'Oct' ;  'Nov'],-19.1041288,33.4777622,0,uuid:429d279a-a519-4dcc-9f64-4673b0fd5d53
24-Nov-16,152,2017-04-09T05:47:31.000Z,2017-04-09T06:16:11.000Z,Manica,Bandula,Ruaca,15,10,grass,burntbricks,cement,3,1,2,yes,['Sept' ;  'Oct' ;  'Nov'],['oxen' ;  'cows' ;  'goats'],3,yes,['motorcyle' ;  'bicycle' ;  'radio' ;  'sterio' ;  'cow_plough' ;  'solar_panel' ;  'mobile_phone'],3,['none'],-19.1121034,33.48344669,702,uuid:59738c17-1cda-49ee-a563-acd76f6bc487
24-Nov-16,153,2017-04-09T06:16:49.000Z,2017-04-09T06:28:48.000Z,Manica,Bandula,Ruaca,41,5,grass,burntbricks,earth,1,1,1,NULL,NULL,['goats'],1,yes,NULL,2,['Oct' ;  'Nov'],-19.11223572,33.48345393,691,uuid:7e7961ca-fa1c-4567-9bfa-a02f876e4e03
24-Nov-16,155,2017-04-09T06:35:16.000Z,2017-04-09T06:48:01.000Z,Manica,Bandula,God,5,4,grass,burntbricks,earth,2,1,2,NULL,NULL,['none'],1,yes,['electricity'],2,['Jan' ;  'Sept' ;  'Oct' ;  'Nov' ;  'Dec'],-19.11220708,33.48342364,713,uuid:77b3021b-a9d6-4276-aaeb-5bfcfd413852
25-Nov-16,178,2017-04-09T06:54:49.000Z,2017-04-09T07:14:16.000Z,Manica,Bandula,Ruaca,20,5,mabatisloping,burntbricks,earth,1,2,3,yes,['Oct' ;  'Nov'],['oxen' ;  'cows' ;  'goats'],3,no,['radio' ;  'cow_plough' ;  'solar_panel' ;  'mobile_phone'],3,['none'],-19.1123581,33.48355586,714,uuid:2186e2ec-f65a-47cc-9bc1-a0f36dd9591c
25-Nov-16,177,2017-04-09T07:59:49.000Z,2017-04-09T08:22:34.000Z,Manica,Bandula,God,11,10,grass,sunbricks,earth,2,1,2,yes,['Oct' ;  'Nov'],['oxen' ;  'cows'],2,yes,['motorcyle' ;  'television' ;  'cow_plough' ;  'solar_panel' ;  'mobile_phone'],3,['Nov'],-19.1120537,33.48349493,713,uuid:87998c33-c8d2-49ec-9dae-c123735957ec
25-Nov-16,180,2017-04-09T08:23:05.000Z,2017-04-09T08:42:02.000Z,Manica,Bandula,Ruaca,4,7,grass,muddaub,earth,1,1,2,yes,['Aug' ;  'Sept' ;  'Oct' ;  'Nov'],['oxen' ;  'cows' ;  'goats'],3,yes,['cow_plough' ;  'solar_panel'],3,['Oct' ;  'Nov'],-19.11204921,33.48346659,701,uuid:ece89122-ea99-4378-b67e-a170127ec4e6
25-Nov-16,181,2017-04-09T08:43:08.000Z,2017-04-09T09:07:48.000Z,Manica,Bandula,God,20,11,mabatipitched,sunbricks,earth,4,2,1,yes,['Sept' ;  'Oct'],['oxen' ;  'cows' ;  'goats'],3,yes,['cow_cart' ;  'motorcyle' ;  'bicycle' ;  'television' ;  'radio' ;  'cow_plough' ;  'solar_panel' ;  'mobile_phone'],3,['none'],-19.11207501,33.48351086,701,uuid:bf373763-dca5-4906-901b-d1bacb4f0286
25-Nov-16,182,2017-04-09T09:08:04.000Z,2017-04-09T09:34:12.000Z,Manica,Bandula,God,20,7,mabatipitched,muddaub,earth,2,3,1,yes,['Sept' ;  'Oct' ;  'Nov'],['oxen' ;  'cows'],2,yes,['solar_panel'],3,['Jan' ;  'Feb' ;  'Nov' ;  'Dec'],-19.11204151,33.48345447,694,uuid:394033e8-a6e2-4e39-bfac-458753a1ed78
28-Nov-16,186,2017-04-09T15:20:26.000Z,2017-04-09T15:46:14.000Z,Manica,Manica,God,24,7,grass,muddaub,earth,1,1,1,yes,['Sept' ;  'Oct'],['oxen' ;  'cows'],2,no,['cow_plough' ;  'mobile_phone'],3,['none'],-19.11232028,33.48346266,690,uuid:268bfd97-991c-473f-bd51-bc80676c65c6
28-Nov-16,187,2017-04-09T15:48:14.000Z,2017-04-09T16:12:46.000Z,Manica,Bandula,God,1,5,grass,muddaub,earth,3,2,2,yes,['Sept' ;  'Oct' ;  'Nov'],['oxen' ;  'cows' ;  'goats' ;  'poultry'],4,yes,['cow_cart' ;  'motorcyle' ;  'bicycle' ;  'television' ;  'radio' ;  'cow_plough' ;  'solar_panel' ;  'solar_torch' ;  'mobile_phone'],3,['none'],-19.1122345,33.48349248,691,uuid:0a42c9ee-a840-4dda-8123-15c1bede5dfc
28-Nov-16,195,2017-04-09T16:13:19.000Z,2017-04-09T16:35:24.000Z,Manica,Bandula,God,7,5,grass,burntbricks,earth,3,1,3,yes,['Sept' ;  'Oct' ;  'Nov'],['oxen' ;  'cows' ;  'poultry'],3,no,['cow_cart' ;  'bicycle' ;  'radio' ;  'cow_plough' ;  'solar_torch'],2,['Sept' ;  'Oct' ;  'Nov'],-19.11220559,33.48342104,706,uuid:2c132929-9c8f-450a-81ff-367360ce2c19
28-Nov-16,196,2017-04-09T18:00:41.000Z,2017-04-09T18:31:40.000Z,Manica,Bandula,God,21,7,mabatisloping,burntbricks,earth,2,2,2,yes,['Oct' ;  'Nov'],['oxen' ;  'cows' ;  'goats'],3,yes,['radio' ;  'cow_plough' ;  'mobile_phone'],3,['none'],-19.11220357,33.48340018,694,uuid:44e427d1-a448-4bf2-b529-7d67b2266c06
28-Nov-16,197,2017-04-09T18:32:09.000Z,2017-04-09T19:14:52.000Z,Manica,Bandula,God,11,5,mabatisloping,burntbricks,cement,1,2,2,yes,['Aug' ;  'Sept' ;  'Oct' ;  'Nov'],['oxen' ;  'cows' ;  'goats'],3,yes,['bicycle' ;  'television' ;  'radio' ;  'cow_plough' ;  'solar_torch' ;  'table' ;  'mobile_phone'],2,['Nov'],-19.11218716,33.4833828,714,uuid:85c99fd2-775f-40c9-8654-68223f59d091
28-Nov-16,198,2017-04-09T19:15:21.000Z,2017-04-09T19:27:56.000Z,Manica,Bandula,God,11,3,grass,burntbricks,earth,1,1,2,yes,['Jan' ;  'Dec'],['none'],1,yes,NULL,3,['Nov'],-19.11212338,33.48338774,716,uuid:28c64954-739c-444c-a6e0-355878e471c8
21-Nov-16,201,2017-04-09T19:31:47.000Z,2017-04-09T19:45:38.000Z,Manica,Bandula,God,6,4,grass,muddaub,earth,1,2,2,NULL,NULL,['oxen' ;  'cows'],2,yes,['bicycle' ;  'radio' ;  'solar_torch' ;  'mobile_phone'],2,['Oct' ;  'Nov' ;  'Dec'],-19.11217226,33.48338504,685,uuid:9e79a31c-3ea5-44f0-80f9-a32db49422e3
17-Nov-16,202,2017-04-09T19:48:09.000Z,2017-04-09T20:08:15.000Z,Manica,Bandula,God,12,12,mabatisloping,burntbricks,cement,2,4,2,yes,['Aug' ;  'Sept' ;  'Oct' ;  'Nov' ;  'Dec'],['oxen' ;  'cows' ;  'goats'],3,yes,['cow_cart' ;  'radio' ;  'cow_plough' ;  'solar_panel' ;  'solar_torch' ;  'table' ;  'mobile_phone'],3,['Jan' ;  'Feb' ;  'Mar' ;  'Oct' ;  'Nov' ;  'Dec'],-19.11218863,33.48340466,705,uuid:06d39051-38ef-4757-b68b-3327b1f16b9d
26-Apr-17,72,2017-04-26T15:46:24.000Z,2017-04-26T16:13:33.000Z,Manica,Bandula,Ruaca,24,6,grass,muddaub,earth,2,1,3,yes,['Aug' ;  'Sept' ;  'Oct' ;  'Nov'],['oxen' ;  'cows' ;  'goats'],3,yes,['bicycle' ;  'radio' ;  'cow_plough'],2,['Jan' ;  'Aug' ;  'Sept' ;  'Oct' ;  'Nov' ;  'Dec'],-19.11221489,33.48347358,716,uuid:c4a2c982-244e-45a5-aa4b-71fa53f99e18
26-Apr-17,73,2017-04-26T16:13:50.000Z,2017-04-26T16:45:01.000Z,Manica,Bandula,Ruaca,6,7,mabatisloping,burntbricks,cement,2,2,3,yes,['Sept' ;  'Oct' ;  'Nov'],['oxen' ;  'cows' ;  'goats'],3,yes,['cow_cart' ;  'motorcyle' ;  'bicycle' ;  'television' ;  'radio' ;  'cow_plough' ;  'solar_panel' ;  'table' ;  'mobile_phone'],3,['Jan' ;  'Sept' ;  'Oct'],-19.11219747,33.48341488,714,uuid:ac3da862-9e6c-4962-94b6-f4c31624f207
26-Apr-17,76,2017-04-26T16:45:28.000Z,2017-04-26T17:26:21.000Z,Manica,Bandula,Ruaca,22,17,mabatipitched,burntbricks,cement,5,2,6,yes,['Sept' ;  'Oct'],['oxen' ;  'cows' ;  'goats' ;  'poultry'],4,yes,['bicycle' ;  'radio' ;  'cow_plough' ;  'solar_panel' ;  'mobile_phone'],3,['none'],-19.11220193,33.48341762,702,uuid:4178a296-903a-4a8e-9cfa-0cd6143476e8
27-Apr-17,83,2017-04-27T12:27:31.000Z,2017-04-27T12:56:42.000Z,Manica,Bandula,Ruaca,17,5,mabatisloping,burntbricks,earth,2,1,2,yes,['Aug' ;  'Sept' ;  'Oct'],['oxen' ;  'cows'],2,no,['radio' ;  'cow_plough' ;  'solar_torch'],2,['Aug' ;  'Sept' ;  'Oct'],,33.48349754,693,uuid:a1e9df00-c8ae-411c-931c-c7df898c68d0
27-Apr-17,85,2017-04-27T12:58:02.000Z,2017-04-27T13:23:06.000Z,Manica,Bandula,Ruaca,12,7,grass,sunbricks,earth,3,1,3,yes,['Sept' ;  'Oct'],['oxen' ;  'cows'],2,yes,['radio' ;  'cow_plough'],2,['Oct' ;  'Nov'],-19.11235114,33.48358508,697,uuid:4d0f472b-f8ae-4026-87c9-6b5be14b0a70
27-Apr-17,89,2017-04-27T16:11:23.000Z,2017-04-27T16:41:41.000Z,Manica,Bandula,God,10,5,mabatisloping,burntbricks,cement,2,2,2,yes,['Sept' ;  'Oct'],['oxen' ;  'cows' ;  'goats'],3,no,['bicycle' ;  'radio' ;  'cow_plough' ;  'solar_panel' ;  'solar_torch' ;  'table' ;  'mobile_phone'],3,['Oct' ;  'Nov'],-19.11231667,33.48348329,710,uuid:b3b309c6-f234-4830-8b30-87d26a17ee1d
27-Apr-17,101,2017-04-27T16:42:02.000Z,2017-04-27T18:11:54.000Z,Manica,Bandula,God,10,3,grass,muddaub,earth,1,1,2,yes,['Sept' ;  'Oct' ;  'Nov'],['goats'],1,no,['bicycle' ;  'solar_torch'],3,['Sept' ;  'Oct' ;  'Nov'],-19.11223501,33.48341767,702,uuid:3c174acd-e431-4523-9ad6-eb14cddca805
27-Apr-17,103,2017-04-27T17:38:53.000Z,2017-04-27T18:09:45.000Z,Manica,Bandula,Ruaca,50,6,mabatisloping,sunbricks,earth,2,1,2,yes,['Aug' ;  'Sept' ;  'Oct' ;  'Nov'],['oxen' ;  'cows' ;  'goats' ;  'pigs' ;  'poultry'],5,yes,['cow_cart' ;  'cow_plough' ;  'solar_panel' ;  'sofa_set' ;  'mobile_phone'],3,['Jan' ;  'Feb' ;  'Dec'],-19.11219049,33.48337002,712,uuid:e9d79844-ef14-493b-bbd6-d13691cc660e
28-Apr-17,102,2017-04-28T06:27:07.000Z,2017-04-28T06:52:04.000Z,Manica,Bandula,Ruaca,15,12,mabatisloping,burntbricks,earth,3,2,2,yes,['Aug' ;  'Sept' ;  'Oct'],['cows' ;  'goats'],2,no,['cow_plough' ;  'table' ;  'sofa_set' ;  'mobile_phone'],3,['Jan' ;  'Feb'],-19.04413333,33.40388996,691,uuid:76206b0b-af74-4344-b24f-81e839f0d7b0
28-Apr-17,78,2017-04-28T07:09:39.000Z,2017-04-28T07:31:38.000Z,Manica,Bandula,Ruaca,20,6,mabatipitched,burntbricks,earth,2,1,2,yes,['Aug' ;  'Sept'],['oxen' ;  'cows'],2,no,['cow_plough'],2,['Aug' ;  'Sept' ;  'Oct'],-19.04402591,33.40398184,723,uuid:da3fa7cc-5ce9-44fd-9a78-b8982b607515
28-Apr-17,80,2017-04-28T09:01:47.000Z,2017-04-28T09:25:51.000Z,Manica,Bandula,Ruaca,12,5,mabatipitched,muddaub,earth,1,1,1,yes,['Sept' ;  'Oct' ;  'Nov'],['none'],1,yes,['cow_cart' ;  'bicycle' ;  'radio' ;  'cow_plough' ;  'solar_panel' ;  'solar_torch'],3,['none'],-19.04415001,33.40390046,689,uuid:a85df6df-0336-46fa-a9f4-522bf6f8b438
28-Apr-17,104,2017-04-28T14:25:13.000Z,2017-04-28T15:18:10.000Z,Manica,Bandula,Ruca,35,14,grass,sunbricks,cement,4,1,4,yes,['Aug' ;  'Sept'],['oxen' ;  'cows' ;  'goats' ;  'pigs'],4,yes,['cow_cart' ;  'bicycle' ;  'cow_plough'],3,['Jan' ;  'Feb' ;  'Dec'],-19.11225606,33.4833734,711,uuid:bb2bb365-7d7d-4fe9-9353-b21269676119
28-Apr-17,105,2017-04-28T15:32:38.000Z,2017-04-28T15:58:10.000Z,Manica,Bandula,Ruaca,20,6,mabatisloping,sunbricks,earth,2,1,2,yes,['Aug' ;  'Sept' ;  'Oct' ;  'Nov'],['cows' ;  'poultry'],2,yes,['motorcyle' ;  'radio' ;  'cow_plough' ;  'solar_panel' ;  'mobile_phone'],3,['Jan' ;  'Feb' ;  'Dec'],-19.11221203,33.48350526,735,uuid:af0904ee-4fdb-4090-973f-599c81ddf022
30-Apr-17,106,2017-04-30T05:51:18.000Z,2017-04-30T06:47:01.000Z,Manica,Bandula,God,22,15,mabatisloping,sunbricks,cement,4,5,5,yes,['Aug' ;  'Sept' ;  'Oct' ;  'Nov'],['oxen' ;  'cows'],2,yes,['cow_cart' ;  'motorcyle' ;  'bicycle' ;  'radio' ;  'sterio' ;  'cow_plough' ;  'solar_panel' ;  'solar_torch' ;  'table' ;  'mobile_phone'],3,['Oct' ;  'Nov' ;  'Dec'],-19.11220965,33.48340866,709,uuid:468797c1-4a65-4f35-9c83-e28ce46972a2
3-May-17,109,2017-05-03T13:14:43.000Z,2017-05-03T13:37:53.000Z,Manica,Bandula,God,12,4,grass,sunbricks,earth,1,1,3,NULL,NULL,['oxen' ;  'cows' ;  'goats'],3,yes,['cow_cart' ;  'bicycle' ;  'radio' ;  'cow_plough' ;  'table'],3,['July' ;  'Aug' ;  'Sept' ;  'Oct' ;  'Nov'],-19.11222402,33.48338036,699,uuid:602cd3f6-4a97-49c6-80e3-bcfd5c78dfa4
3-May-17,110,2017-05-03T13:37:57.000Z,2017-05-03T13:58:06.000Z,Manica,Bandula,Ruaca,22,6,mabatisloping,sunbricks,cement,2,3,3,yes,['Aug' ;  'Sept' ;  'Oct' ;  'Nov'],['oxen' ;  'cows' ;  'goats'],3,yes,['bicycle' ;  'radio' ;  'cow_plough' ;  'table' ;  'mobile_phone'],2,['none'],-19.11219756,33.48339714,704,uuid:e7c51ac4-24e4-475e-88e7-f85e896945e3
3-May-17,113,2017-05-03T14:00:13.000Z,2017-05-03T14:27:03.000Z,Manica,Bandula,Ruaca,16,11,mabatisloping,burntbricks,cement,2,3,3,yes,['Sept' ;  'Oct'],['oxen' ;  'cows' ;  'goats' ;  'poultry'],4,no,['cow_cart' ;  'motorcyle' ;  'bicycle' ;  'radio' ;  'cow_plough' ;  'solar_panel' ;  'solar_torch' ;  'table' ;  'mobile_phone'],3,['none'],-19.11222682,33.48340708,706,uuid:01210861-aba1-4268-98d0-0260e05f5155
4-May-17,118,2017-05-04T10:26:35.000Z,2017-05-04T10:46:35.000Z,Manica,Bandula,Ruaca,6,5,grass,muddaub,earth,2,1,1,NULL,NULL,['none'],1,yes,['radio' ;  'solar_torch' ;  'mobile_phone'],3,['Oct' ;  'Nov' ;  'Dec'],-19.11220573,33.48344178,713,uuid:77335b2e-8812-4a35-b1e5-ca9ab626dfea
4-May-17,125,2017-05-04T10:47:05.000Z,2017-05-04T11:16:05.000Z,Manica,Bandula,Ruaca,7,5,mabatisloping,burntbricks,earth,1,1,3,yes,['Aug' ;  'Sept' ;  'Oct' ;  'Nov'],['oxen' ;  'cows'],2,no,['bicycle' ;  'radio' ;  'cow_plough' ;  'solar_panel' ;  'solar_torch' ;  'mobile_phone'],3,['Jan' ;  'Sept' ;  'Oct' ;  'Nov' ;  'Dec'],-19.11218005,33.4834101,682,uuid:02b05c68-302e-4e7a-b229-81cb1377fd29
4-May-17,119,2017-05-04T11:16:57.000Z,2017-05-04T11:38:38.000Z,Manica,Bandula,Ruaca-Nhamuenda,14,3,grass,muddaub,earth,4,1,2,no,NULL,['oxen' ;  'cows' ;  'goats' ;  'poultry'],4,no,['bicycle' ;  'cow_plough' ;  'solar_panel' ;  'mobile_phone'],3,['none'],-19.11225658,33.48334839,706,uuid:fa201fce-4e94-44b8-b435-c558c2e1ed55
11-May-17,115,2017-05-11T05:24:25.000Z,2017-05-11T05:41:56.000Z,Manica,Bandula,Ruaca - Nhamuenda,16,4,mabatisloping,sunbricks,cement,3,2,2,NULL,NULL,['oxen' ;  'cows' ;  'goats'],3,yes,['cow_cart' ;  'motorcyle' ;  'bicycle' ;  'television' ;  'radio' ;  'cow_plough' ;  'solar_panel' ;  'solar_torch' ;  'table' ;  'mobile_phone'],3,['none'],-19.1114691,33.4761047,0,uuid:628fe23d-188f-43e4-a203-a4bf3257d461
11-May-17,108,2017-05-11T05:42:08.000Z,2017-05-11T06:08:58.000Z,Manica,Bandula,God,22,15,mabatisloping,burntbricks,cement,3,2,3,yes,['Sept' ;  'Oct' ;  'Nov'],['oxen' ;  'cows' ;  'goats' ;  'poultry'],4,yes,['cow_cart' ;  'bicycle' ;  'radio' ;  'cow_plough' ;  'solar_panel' ;  'table' ;  'mobile_phone'],3,['Aug' ;  'Sept' ;  'Oct' ;  'Nov'],-19.1114691,33.4761047,0,uuid:e4f4d6ba-e698-45a5-947f-ba6da88cc22b
11-May-17,116,2017-05-11T06:09:56.000Z,2017-05-11T06:22:19.000Z,Manica,Bandula,Ruaca-Nhamuenda,21,5,grass,burntbricks,cement,2,3,1,NULL,NULL,['oxen' ;  'cows' ;  'goats'],3,yes,['motorcyle' ;  'bicycle' ;  'television' ;  'radio' ;  'cow_plough' ;  'solar_panel' ;  'solar_torch' ;  'table' ;  'mobile_phone'],3,['Jan' ;  'Nov' ;  'Dec'],-19.1114691,33.4761047,0,uuid:cfee6297-2c0e-4f8a-94cc-9aaee0bd64cb
11-May-17,117,2017-05-11T06:28:02.000Z,2017-05-11T06:55:35.000Z,Manica,Bandula,Ruaca-Nhamuenda,1,10,grass,muddaub,cement,1,4,1,NULL,NULL,['none'],1,yes,['motorcyle' ;  'television' ;  'radio' ;  'solar_panel' ;  'solar_torch' ;  'table' ;  'mobile_phone'],3,['Jan' ;  'Feb' ;  'Nov' ;  'Dec'],-19.1114691,33.4761047,0,uuid:3fe626b3-c794-48e1-a80f-5bfe440c507b
18-May-17,144,2017-05-18T04:36:23.000Z,2017-05-18T05:02:38.000Z,Manica,Bandula,Ruca,5,7,mabatisloping,burntbricks,cement,3,4,2,yes,['Sept' ;  'Oct' ;  'Nov'],['oxen' ;  'cows' ;  'goats' ;  'sheep'],4,yes,['cow_cart' ;  'television' ;  'radio' ;  'cow_plough' ;  'solar_panel' ;  'solar_torch' ;  'table' ;  'mobile_phone'],2,['none'],,33.48342233,710,uuid:0670cef6-d233-4852-89d8-36955261b0a3
18-May-17,143,2017-05-18T05:55:04.000Z,2017-05-18T06:37:10.000Z,Manica,Bandula,Ruaca,24,10,grass,burntbricks,earth,3,2,3,yes,['Sept' ;  'Oct' ;  'Nov'],['oxen' ;  'cows' ;  'goats'],3,yes,['cow_cart' ;  'motorcyle' ;  'television' ;  'radio' ;  'cow_plough' ;  'solar_torch' ;  'table' ;  'mobile_phone'],3,['Jan' ;  'Dec'],-19.1124845,33.4763322,0,uuid:9a096a12-b335-468c-b3cc-1191180d62de
18-May-17,150,2017-05-18T10:37:37.000Z,2017-05-18T10:56:00.000Z,MAN,Bandula,Ruaca,8,7,grass,muddaub,earth,2,1,2,yes,['Apr' ;  'May' ;  'June' ;  'July' ;  'Aug' ;  'Sept' ;  'Oct' ;  'Nov'],['cows'],1,no,['mobile_phone'],3,['Sept' ;  'Oct' ;  'Nov'],-19.11147739,33.47618369,709,uuid:92613d0d-e7b1-4d62-8ea4-451d7cd0a982
18-May-17,159,2017-05-18T10:56:16.000Z,2017-05-18T11:07:35.000Z,MAN,Bandula,God,17,4,grass,sunbricks,earth,2,1,2,no,NULL,['none'],1,no,['radio' ;  'solar_panel' ;  'solar_torch'],3,['Sept' ;  'Oct' ;  'Nov'],-19.11149498,33.47617506,712,uuid:37577f91-d665-443e-8d70-b914954cef4b
3-Jun-17,160,2017-06-03T05:08:49.000Z,2017-06-03T05:32:19.000Z,MAN,Bandula,God,3,7,mabatisloping,burntbricks,earth,2,2,3,yes,['Jan' ;  'Dec'],['oxen' ;  'cows'],2,yes,['cow_cart' ;  'cow_plough' ;  'solar_torch' ;  'mobile_phone'],2,['Nov'],-19.11218456,33.4834495,711,uuid:f22831ec-6bc3-4b73-9197-4b01e01abb66
3-Jun-17,165,2017-06-03T05:32:33.000Z,2017-06-03T05:51:49.000Z,MAN,Bandula,Ruaca,14,9,grass,burntbricks,earth,1,1,2,yes,['Aug' ;  'Sept' ;  'Oct' ;  'Nov' ;  'Dec'],['oxen' ;  'cows' ;  'goats'],3,yes,['cow_cart' ;  'motorcyle' ;  'bicycle' ;  'television' ;  'radio' ;  'cow_plough' ;  'solar_torch' ;  'electricity' ;  'table' ;  'sofa_set' ;  'mobile_phone' ;  'fridge'],3,['none'],-19.11217437,33.48346513,708,uuid:62f3f7af-f0f3-4f88-b9e0-acf8baa49ae4
3-Jun-17,166,2017-06-03T05:53:28.000Z,2017-06-03T06:25:06.000Z,MAN,Bandula,Ruaca,16,11,grass,muddaub,earth,2,1,3,yes,['Aug' ;  'Sept' ;  'Oct'],['goats'],1,yes,['bicycle' ;  'solar_torch' ;  'mobile_phone'],2,['Feb' ;  'Mar'],-19.1138589,33.4826653,0,uuid:40aac732-94df-496c-97ba-5b67f59bcc7a
3-Jun-17,167,2017-06-03T06:25:09.000Z,2017-06-03T06:45:06.000Z,MAN,Bandula,Ruaca,16,8,grass,muddaub,earth,5,1,2,yes,['July' ;  'Aug' ;  'Sept' ;  'Oct' ;  'Nov' ;  'Dec'],['oxen' ;  'cows' ;  'goats'],3,yes,['motorcyle' ;  'radio' ;  'cow_plough' ;  'solar_panel' ;  'solar_torch' ;  'table' ;  'mobile_phone'],2,['Jan' ;  'Nov' ;  'Dec'],-19.1149887,33.4882685,0,uuid:a9d1a013-043b-475d-a71b-77ed80abe970
3-Jun-17,174,2017-06-03T06:50:47.000Z,2017-06-03T07:20:21.000Z,MAN,Bandula,Ruaca,13,12,grass,burntbricks,cement,2,2,3,yes,['Sept' ;  'Oct' ;  'Nov' ;  'Dec'],['oxen' ;  'cows' ;  'goats'],3,yes,['car' ;  'lorry' ;  'motorcyle' ;  'radio' ;  'sterio' ;  'cow_plough' ;  'solar_panel' ;  'solar_torch' ;  'table' ;  'sofa_set' ;  'mobile_phone' ;  'fridge'],3,['Jan' ;  'Feb' ;  'Dec'],-19.11216751,33.48340539,703,uuid:43ec6132-478c-4f87-878d-fb3c0c4d0c74
3-Jun-17,175,2017-06-03T07:21:48.000Z,2017-06-03T07:51:29.000Z,MAN,Bandula,Ruaca,11,7,mabatisloping,burntbricks,earth,2,1,2,yes,['Oct' ;  'Nov'],['oxen' ;  'cows' ;  'goats' ;  'poultry'],4,yes,['motorcyle' ;  'bicycle' ;  'radio' ;  'sterio' ;  'cow_plough' ;  'solar_panel' ;  'table' ;  'mobile_phone'],2,['Jan' ;  'Oct' ;  'Nov' ;  'Dec'],-19.11217963,33.48336019,705,uuid:64fc743e-8176-40f6-8ae4-36ae97fac1d9
3-Jun-17,189,2017-06-03T15:23:01.000Z,2017-06-03T15:53:10.000Z,MAN,Bandula,Ruaca,10,15,mabatisloping,sunbricks,earth,2,1,3,yes,['Aug' ;  'Sept' ;  'Oct' ;  'Nov' ;  'Dec'],['oxen' ;  'cows' ;  'goats'],3,yes,['motorcyle' ;  'radio' ;  'sterio' ;  'cow_plough' ;  'solar_panel' ;  'table' ;  'mobile_phone'],3,['Nov'],-19.11216796,33.48341529,714,uuid:c17e374c-280b-4e78-bf21-74a7c1c73492
3-Jun-17,191,2017-06-03T15:54:03.000Z,2017-06-03T16:17:26.000Z,Manica,Bandula,Ruaca,3,10,mabatisloping,burntbricks,cement,1,4,2,yes,['Sept' ;  'Oct' ;  'Nov'],['cows'],1,yes,['radio' ;  'cow_plough' ;  'solar_panel' ;  'solar_torch' ;  'mobile_phone'],2,['Oct' ;  'Nov' ;  'Dec'],-19.11219207,33.48338051,709,uuid:dad53aff-b520-4015-a9e3-f5fdf9168fe1
3-Jun-17,192,2017-06-03T16:17:55.000Z,2017-06-03T17:16:39.000Z,Manica,Bandula,Chirodzo,15,9,grass,burntbricks,cement,4,1,3,yes,['Sept' ;  'Nov'],['none'],1,yes,['bicycle' ;  'television' ;  'radio' ;  'sterio' ;  'solar_panel' ;  'solar_torch' ;  'table' ;  'mobile_phone'],3,['Jan' ;  'Nov' ;  'Dec'],-19.11215404,33.48335905,705,uuid:f94409a6-e461-4e4c-a6fb-0072d3d58b00
18-May-17,126,2017-05-18T04:13:37.000Z,2017-05-18T04:35:47.000Z,Manica,Bandula,Ruaca,5,3,grass,burntbricks,earth,1,1,2,yes,['Sept' ;  'Oct' ;  'Nov'],['oxen' ;  'cows' ;  'goats'],3,yes,['motorcyle' ;  'radio' ;  'solar_panel'],3,['Oct' ;  'Nov' ;  'Dec'],-19.11219355,33.48337856,700,uuid:69caea81-a4e5-4e8d-83cd-9c18d8e8d965
4-Jun-17,193,2017-06-04T09:36:20.000Z,2017-06-04T10:13:32.000Z,Manica,Bandula,Ruaca,10,7,mabatisloping,cement,cement,3,3,4,yes,['Oct' ;  'Nov' ;  'Dec'],['oxen' ;  'cows' ;  'goats'],3,no,['car' ;  'lorry' ;  'television' ;  'radio' ;  'sterio' ;  'cow_plough' ;  'solar_torch' ;  'electricity' ;  'table' ;  'sofa_set' ;  'mobile_phone' ;  'fridge'],3,['none'],-19.11215668,33.48339039,720,uuid:5ccc2e5a-ea90-48b5-8542-69400d5334df
4-Jun-17,194,2017-06-04T10:13:36.000Z,2017-06-04T10:32:06.000Z,Manica,Bandula,Ruaca,5,4,grass,muddaub,earth,2,1,2,yes,['Aug' ;  'Sept' ;  'Oct'],['poultry'],1,no,['radio' ;  'solar_panel' ;  'solar_torch' ;  'mobile_phone'],3,['Sept' ;  'Oct' ;  'Nov'],-19.11227133,33.48347111,719,uuid:95c11a30-d44f-40c4-8ea8-ec34fca6bbbf
4-Jun-17,199,2017-06-04T10:33:55.000Z,2017-06-04T10:52:22.000Z,Manica,Bandula,Chirodzo,17,7,mabatisloping,burntbricks,cement,1,2,2,yes,['Sept' ;  'Oct' ;  'Nov'],['oxen' ;  'cows'],2,yes,['cow_cart' ;  'lorry' ;  'motorcyle' ;  'computer' ;  'television' ;  'radio' ;  'sterio' ;  'cow_plough' ;  'solar_panel' ;  'solar_torch' ;  'electricity' ;  'mobile_phone'],3,['Nov' ;  'Dec'],-19.11227751,33.48338952,711,uuid:ffc83162-ff24-4a87-8709-eff17abc0b3b
4-Jun-17,200,2017-06-04T10:52:46.000Z,2017-06-04T11:08:13.000Z,Manica,Bandula,Chirodzo,20,8,mabatisloping,burntbricks,cement,1,2,2,NULL,NULL,['oxen' ;  'goats' ;  'pigs'],3,yes,['radio' ;  'cow_plough' ;  'solar_panel' ;  'solar_torch' ;  'table' ;  'mobile_phone'],3,['Oct' ;  'Nov'],-19.11218302,33.48337175,681,uuid:aa77a0d7-7142-41c8-b494-483a5b68d8a7
